file_name,label_cn,model,prediction,confidence,top3
2004阶梯轴7.dwg,阶梯轴,merged,机械制图,0.0589,机械制图:0.0589 | 练习零件图:0.0307 | 装配图:0.0294
2004阶梯轴7.dwg,阶梯轴,merged2,机械制图,0.1160,机械制图:0.1160 | 装配图:0.0373 | 机械平面图:0.0284
2004阶梯轴71.dwg,阶梯轴,merged,机械制图,0.0651,机械制图:0.0651 | 练习零件图:0.0320 | 装配图:0.0264
2004阶梯轴71.dwg,阶梯轴,merged2,机械制图,0.1208,机械制图:0.1208 | 装配图:0.0340 | 机械平面图:0.0291
2004零件轴改6.dwg,零件轴改,merged,机械制图,0.0612,机械制图:0.0612 | 练习零件图:0.0291 | 轴类:0.0283
2004零件轴改6.dwg,零件轴改,merged2,机械制图,0.1244,机械制图:0.1244 | 装配图:0.0340 | 机械平面图:0.0327
2004零件轴改7.dwg,零件轴改,merged,机械制图,0.0612,机械制图:0.0612 | 练习零件图:0.0291 | 轴类:0.0283
2004零件轴改7.dwg,零件轴改,merged2,机械制图,0.1244,机械制图:0.1244 | 装配图:0.0340 | 机械平面图:0.0327
改箱体右盖123.dwg,箱体,merged,机械制图,0.0687,机械制图:0.0687 | 练习零件图:0.0332 | 轴类:0.0259
改箱体右盖123.dwg,箱体,merged2,机械制图,0.1231,机械制图:0.1231 | 装配图:0.0343 | 机械平面图:0.0277
传动轴.dwg,机械制图,merged,机械制图,0.0617,机械制图:0.0617 | 装配图:0.0422 | 轴类:0.0381
传动轴.dwg,机械制图,merged2,机械制图,0.1602,机械制图:0.1602 | 机械平面图:0.0492 | 装配图:0.0382
压下螺丝.dwg,机械制图,merged,机械制图,0.0930,机械制图:0.0930 | 装配图:0.0762 | 轴类:0.0425
压下螺丝.dwg,机械制图,merged2,机械制图,0.2189,机械制图:0.2189 | 后桥装配:0.0654 | 装配图:0.0651
涡轮.dwg,涡轮,merged,机械制图,0.0776,机械制图:0.0776 | 装配图:0.0506 | 轴类:0.0338
涡轮.dwg,涡轮,merged2,机械制图,0.1430,机械制图:0.1430 | 装配图:0.0496 | 后桥装配:0.0474
蜗杆.dwg,蜗杆,merged,机械制图,0.0652,机械制图:0.0652 | 装配图:0.0462 | 轴类:0.0400
蜗杆.dwg,蜗杆,merged2,机械制图,0.1718,机械制图:0.1718 | 机械平面图:0.0464 | 装配图:0.0402
轴承外圈强化研磨上下料系统11-2.dwg,轴承,merged,装配图,0.4462,装配图:0.4462 | 机械制图:0.1838 | 后桥装配:0.0999
轴承外圈强化研磨上下料系统11-2.dwg,轴承,merged2,后桥装配,0.3442,后桥装配:0.3442 | 机械制图:0.3180 | 装配图:0.1710
1.dwg,机械制图,merged,机械制图,0.0733,机械制图:0.0733 | 练习零件图:0.0334 | 轴类:0.0269
1.dwg,机械制图,merged2,机械制图,0.1411,机械制图:0.1411 | 装配图:0.0352 | 机械平面图:0.0284
10.dwg,机械制图,merged,机械制图,0.0675,机械制图:0.0675 | 练习零件图:0.0325 | 装配图:0.0272
10.dwg,机械制图,merged2,机械制图,0.1262,机械制图:0.1262 | 装配图:0.0341 | 机械平面图:0.0285
11001床身装配图.dwg,装配图,merged,装配图,0.3901,装配图:0.3901 | 机械制图:0.2012 | 后桥装配:0.0635
11001床身装配图.dwg,装配图,merged2,机械制图,0.4554,机械制图:0.4554 | 装配图:0.2814 | 后桥装配:0.1175
2.dwg,机械制图,merged,机械制图,0.0683,机械制图:0.0683 | 练习零件图:0.0338 | 装配图:0.0271
2.dwg,机械制图,merged2,机械制图,0.1358,机械制图:0.1358 | 装配图:0.0355 | 机械平面图:0.0278
3.dwg,机械制图,merged,机械制图,0.0794,机械制图:0.0794 | 练习零件图:0.0376 | 装配图:0.0267
3.dwg,机械制图,merged2,机械制图,0.1442,机械制图:0.1442 | 装配图:0.0377 | 差动机构:0.0268
31001-1.dwg,差动机构,merged,装配图,0.2779,装配图:0.2779 | 机械制图:0.1301 | 轴类:0.0731
31001-1.dwg,差动机构,merged2,机械制图,0.6347,机械制图:0.6347 | 装配图:0.2221 | 机械平面图:0.0254
31001-2.dwg,蜗杆,merged,机械制图,0.0718,机械制图:0.0718 | 装配图:0.0520 | 轴类:0.0358
31001-2.dwg,蜗杆,merged2,机械制图,0.1370,机械制图:0.1370 | 装配图:0.0491 | 后桥装配:0.0463
32001差动机构.dwg,差动机构,merged,机械制图,0.0646,机械制图:0.0646 | 装配图:0.0341 | 练习零件图:0.0307
32001差动机构.dwg,差动机构,merged2,机械制图,0.1276,机械制图:0.1276 | 装配图:0.0361 | 机械平面图:0.0301
35001滑板装配图.dwg,装配图,merged,装配图,0.3264,装配图:0.3264 | 机械制图:0.1499 | 轴类:0.0715
35001滑板装配图.dwg,装配图,merged2,机械制图,0.7214,机械制图:0.7214 | 装配图:0.2147 | 挡板:0.0094
4.dwg,机械制图,merged,机械制图,0.0626,机械制图:0.0626 | 练习零件图:0.0332 | 装配图:0.0259
4.dwg,机械制图,merged2,机械制图,0.1079,机械制图:0.1079 | 装配图:0.0333 | 机械平面图:0.0265
44001液压原理图 070210.dwg,原理图,merged,机械制图,0.0707,机械制图:0.0707 | 练习零件图:0.0336 | 装配图:0.0294
44001液压原理图 070210.dwg,原理图,merged2,机械制图,0.1509,机械制图:0.1509 | 装配图:0.0419 | 机械平面图:0.0280
44002液压系统管路图.dwg,管类,merged,机械制图,0.0701,机械制图:0.0701 | 装配图:0.0657 | 轴类:0.0473
44002液压系统管路图.dwg,管类,merged2,机械制图,0.2379,机械制图:0.2379 | 装配图:0.0570 | 机械平面图:0.0540
5.dwg,拨叉,merged,机械制图,0.0449,机械制图:0.0449 | 轴类:0.0262 | 装配图:0.0262
5.dwg,拨叉,merged2,机械制图,0.0998,机械制图:0.0998 | 机械平面图:0.0369 | 装配图:0.0334
52001组合刀架装配图.dwg,装配图,merged,机械制图,0.0921,机械制图:0.0921 | 装配图:0.0792 | 轴类:0.0471
52001组合刀架装配图.dwg,装配图,merged2,机械制图,0.3219,机械制图:0.3219 | 装配图:0.0991 | 机械平面图:0.0390
6.dwg,机械制图,merged,机械制图,0.0670,机械制图:0.0670 | 练习零件图:0.0328 | 装配图:0.0267
6.dwg,机械制图,merged2,机械制图,0.1288,机械制图:0.1288 | 装配图:0.0353 | 机械平面图:0.0285
61001.dwg,旋转组件,merged,机械制图,0.0794,机械制图:0.0794 | 装配图:0.0566 | 轴类:0.0415
61001.dwg,旋转组件,merged2,机械制图,0.2269,机械制图:0.2269 | 装配图:0.0519 | 后桥装配:0.0420
7.dwg,机械制图,merged,机械制图,0.0686,机械制图:0.0686 | 练习零件图:0.0340 | 装配图:0.0271
7.dwg,机械制图,merged2,机械制图,0.1157,机械制图:0.1157 | 装配图:0.0359 | 机械平面图:0.0265
71001小立柱装配图2.dwg,装配图,merged,装配图,0.9674,装配图:0.9674 | 后桥装配:0.0157 | 机械制图:0.0137
71001小立柱装配图2.dwg,装配图,merged2,后桥装配,0.4972,后桥装配:0.4972 | 机械制图:0.3900 | 装配图:0.1046
71002小立柱油缸装配图.dwg,装配图,merged,装配图,0.9410,装配图:0.9410 | 机械制图:0.0511 | 后桥装配:0.0059
71002小立柱油缸装配图.dwg,装配图,merged2,装配图,0.5878,装配图:0.5878 | 后桥装配:0.3861 | 机械制图:0.0256
8.dwg,机械制图,merged,机械制图,0.0887,机械制图:0.0887 | 装配图:0.0432 | 练习零件图:0.0396
8.dwg,机械制图,merged2,机械制图,0.1592,机械制图:0.1592 | 装配图:0.0512 | 后桥装配:0.0344
9.dwg,机械制图,merged,机械制图,0.0776,机械制图:0.0776 | 练习零件图:0.0366 | 装配图:0.0267
9.dwg,机械制图,merged2,机械制图,0.1349,机械制图:0.1349 | 装配图:0.0372 | 差动机构:0.0267
PE2540.0.dwg,挡板,merged,挡板,1.0000,挡板:1.0000 | 零件轴改:0.0000 | 箱体:0.0000
PE2540.0.dwg,挡板,merged2,挡板,1.0000,挡板:1.0000 | 零件轴改:0.0000 | 箱体:0.0000
底座视图.dwg,底座视图,merged,机械制图,0.0648,机械制图:0.0648 | 练习零件图:0.0330 | 装配图:0.0267
底座视图.dwg,底座视图,merged2,机械制图,0.1199,机械制图:0.1199 | 装配图:0.0341 | 机械平面图:0.0275
机件多面视图.dwg,机械制图,merged,机械制图,0.0671,机械制图:0.0671 | 练习零件图:0.0335 | 装配图:0.0266
机件多面视图.dwg,机械制图,merged2,机械制图,0.1235,机械制图:0.1235 | 装配图:0.0342 | 机械平面图:0.0276
泵.dwg,泵,merged,机械平面图,0.0439,机械平面图:0.0439 | 机械制图:0.0384 | 挡板:0.0313
泵.dwg,泵,merged2,机械制图,0.1124,机械制图:0.1124 | 机械平面图:0.0682 | 装配图:0.0512
泵盖图.dwg,泵盖图,merged,机械制图,0.0694,机械制图:0.0694 | 练习零件图:0.0327 | 轴类:0.0264
泵盖图.dwg,泵盖图,merged2,机械制图,0.1268,机械制图:0.1268 | 装配图:0.0339 | 机械平面图:0.0283
阀视图.dwg,机械制图,merged,机械制图,0.0670,机械制图:0.0670 | 练习零件图:0.0331 | 装配图:0.0277
阀视图.dwg,机械制图,merged2,机械制图,0.1278,机械制图:0.1278 | 装配图:0.0362 | 机械平面图:0.0273
FU200-02-01-1.DWG,机械制图,merged,机械制图,0.0903,机械制图:0.0903 | 练习零件图:0.0381 | 装配图:0.0272
FU200-02-01-1.DWG,机械制图,merged2,机械制图,0.1616,机械制图:0.1616 | 装配图:0.0391 | 差动机构:0.0267
FU200-02-01-2.DWG,轴承座,merged,机械制图,0.0637,机械制图:0.0637 | 练习零件图:0.0304 | 装配图:0.0297
FU200-02-01-2.DWG,轴承座,merged2,机械制图,0.1278,机械制图:0.1278 | 装配图:0.0352 | 机械平面图:0.0303
FU200-02-05.DWG,机械制图,merged,机械制图,0.1077,机械制图:0.1077 | 练习零件图:0.0457 | 装配图:0.0438
FU200-02-05.DWG,机械制图,merged2,机械制图,0.1784,机械制图:0.1784 | 装配图:0.0633 | 基质沥青计量罐:0.0404
FU200-02-06.DWG,轴承,merged,机械制图,0.1096,机械制图:0.1096 | 练习零件图:0.0438 | 装配图:0.0339
FU200-02-06.DWG,轴承,merged2,机械制图,0.1837,机械制图:0.1837 | 装配图:0.0552 | 基质沥青计量罐:0.0341
FU200-02-13-01.DWG,角钢,merged,机械制图,0.0823,机械制图:0.0823 | 练习零件图:0.0366 | 装配图:0.0288
FU200-02-13-01.DWG,角钢,merged2,机械制图,0.1734,机械制图:0.1734 | 装配图:0.0469 | 机械平面图:0.0281
GB27-88.DWG,机械制图,merged,机械制图,0.0726,机械制图:0.0726 | 练习零件图:0.0338 | 轴类:0.0269
GB27-88.DWG,机械制图,merged2,机械制图,0.1362,机械制图:0.1362 | 装配图:0.0352 | 机械平面图:0.0285
JDA00000.DWG,罩,merged,装配图,0.0794,装配图:0.0794 | 机械制图:0.0643 | 机械平面图:0.0641
JDA00000.DWG,罩,merged2,机械制图,0.3096,机械制图:0.3096 | 机械平面图:0.0818 | 装配图:0.0750
JDB00000.DWG,机械制图,merged,装配图,0.2511,装配图:0.2511 | 机械制图:0.1355 | 轴类:0.0730
JDB00000.DWG,机械制图,merged2,机械制图,0.6628,机械制图:0.6628 | 装配图:0.1397 | 机械平面图:0.0284
JDC00000.DWG,机械制图,merged,装配图,0.1967,装配图:0.1967 | 机械平面图:0.1277 | 轴类:0.0913
JDC00000.DWG,机械制图,merged2,机械制图,0.6165,机械制图:0.6165 | 装配图:0.1429 | 机械平面图:0.1252
JDD00000.DWG,挡板,merged,机械制图,0.0736,机械制图:0.0736 | 装配图:0.0654 | 轴类:0.0492
JDD00000.DWG,挡板,merged2,机械制图,0.3212,机械制图:0.3212 | 装配图:0.0763 | 机械平面图:0.0475
JDE00000.DWG,底板,merged,装配图,0.1570,装配图:0.1570 | 机械制图:0.0962 | 轴类:0.0687
JDE00000.DWG,底板,merged2,机械制图,0.5196,机械制图:0.5196 | 装配图:0.0992 | 机械平面图:0.0511
JDF00000.DWG,轴承座,merged,机械制图,0.0537,机械制图:0.0537 | 轴类:0.0326 | 装配图:0.0322
JDF00000.DWG,轴承座,merged2,机械制图,0.1274,机械制图:0.1274 | 机械平面图:0.0400 | 装配图:0.0353
ZHITUI.DWG,支腿,merged,机械平面图,0.1607,机械平面图:0.1607 | 装配图:0.1588 | 轴类:0.0892
ZHITUI.DWG,支腿,merged2,机械制图,0.5271,机械制图:0.5271 | 机械平面图:0.2158 | 装配图:0.1130
1200型风送式喷雾机.dwg,型风送式喷雾机,merged,机械平面图,0.9901,机械平面图:0.9901 | 差动机构:0.0075 | 轴类:0.0010
1200型风送式喷雾机.dwg,型风送式喷雾机,merged2,机械平面图,0.9999,机械平面图:0.9999 | 机械制图:0.0001 | 装配图:0.0000
前筒体（改）.dwg,前筒体（改）,merged,装配图,0.0750,装配图:0.0750 | 机械制图:0.0713 | 轴类:0.0499
前筒体（改）.dwg,前筒体（改）,merged2,机械制图,0.3508,机械制图:0.3508 | 装配图:0.0899 | 机械平面图:0.0528
后筒体（改）.dwg,后筒体（改）,merged,装配图,0.1486,装配图:0.1486 | 机械制图:0.1279 | 后桥装配:0.0600
后筒体（改）.dwg,后筒体（改）,merged2,机械制图,0.3082,机械制图:0.3082 | 后桥装配:0.1127 | 装配图:0.1048
喷雾器组件（改）.dwg,喷雾器组件（改）,merged,机械制图,0.1505,机械制图:0.1505 | 装配图:0.1304 | 后桥装配:0.0526
喷雾器组件（改）.dwg,喷雾器组件（改）,merged2,机械制图,0.2195,机械制图:0.2195 | 装配图:0.1533 | 后桥装配:0.1000
风叶(改).dwg,风叶(改),merged,装配图,0.1722,装配图:0.1722 | 机械制图:0.1693 | 后桥装配:0.0473
风叶(改).dwg,风叶(改),merged2,机械制图,0.2757,机械制图:0.2757 | 装配图:0.2382 | 后桥装配:0.0674
上摆臂.dwg,上摆臂,merged,机械制图,0.0711,机械制图:0.0711 | 练习零件图:0.0332 | 装配图:0.0280
上摆臂.dwg,上摆臂,merged2,机械制图,0.1478,机械制图:0.1478 | 装配图:0.0389 | 机械平面图:0.0284
中摆臂.dwg,中摆臂,merged,机械制图,0.0669,机械制图:0.0669 | 练习零件图:0.0327 | 装配图:0.0285
中摆臂.dwg,中摆臂,merged2,机械制图,0.1447,机械制图:0.1447 | 装配图:0.0397 | 机械平面图:0.0282
光线调节座.dwg,光线调节座,merged,机械制图,0.0736,机械制图:0.0736 | 练习零件图:0.0347 | 装配图:0.0265
光线调节座.dwg,光线调节座,merged2,机械制图,0.1336,机械制图:0.1336 | 装配图:0.0361 | 机械平面图:0.0269
前盖板.dwg,机械制图,merged,机械制图,0.0706,机械制图:0.0706 | 练习零件图:0.0328 | 装配图:0.0271
前盖板.dwg,机械制图,merged2,机械制图,0.1354,机械制图:0.1354 | 装配图:0.0374 | 机械平面图:0.0284
压紧片.dwg,压紧片,merged,机械制图,0.0679,机械制图:0.0679 | 练习零件图:0.0334 | 装配图:0.0274
压紧片.dwg,压紧片,merged2,机械制图,0.1305,机械制图:0.1305 | 装配图:0.0366 | 机械平面图:0.0278
底座.dwg,底座,merged,机械制图,0.0670,机械制图:0.0670 | 练习零件图:0.0323 | 装配图:0.0267
底座.dwg,底座,merged2,机械制图,0.1327,机械制图:0.1327 | 装配图:0.0359 | 机械平面图:0.0289
校准指示激光器结构示意图.dwg,机械制图,merged,机械制图,0.0701,机械制图:0.0701 | 练习零件图:0.0344 | 装配图:0.0266
校准指示激光器结构示意图.dwg,机械制图,merged2,机械制图,0.1275,机械制图:0.1275 | 装配图:0.0349 | 机械平面图:0.0271
激光发射仓结构图.dwg,激光发射仓结构图,merged,机械制图,0.0708,机械制图:0.0708 | 练习零件图:0.0344 | 装配图:0.0267
激光发射仓结构图.dwg,激光发射仓结构图,merged2,机械制图,0.1337,机械制图:0.1337 | 装配图:0.0356 | 机械平面图:0.0270
激光固定座.dwg,激光固定座,merged,机械制图,0.0667,机械制图:0.0667 | 练习零件图:0.0328 | 装配图:0.0271
激光固定座.dwg,激光固定座,merged2,机械制图,0.1293,机械制图:0.1293 | 装配图:0.0365 | 机械平面图:0.0279
激光固定座2.dwg,激光固定座,merged,机械制图,0.0662,机械制图:0.0662 | 练习零件图:0.0328 | 装配图:0.0271
激光固定座2.dwg,激光固定座,merged2,机械制图,0.1277,机械制图:0.1277 | 装配图:0.0365 | 机械平面图:0.0275
瞄准指示激光器结构示意图.dwg,机械制图,merged,机械制图,0.0631,机械制图:0.0631 | 练习零件图:0.0318 | 装配图:0.0260
瞄准指示激光器结构示意图.dwg,机械制图,merged2,机械制图,0.1166,机械制图:0.1166 | 装配图:0.0330 | 机械平面图:0.0288
镜头固定座.dwg,镜头固定座,merged,机械制图,0.0664,机械制图:0.0664 | 练习零件图:0.0326 | 装配图:0.0274
镜头固定座.dwg,镜头固定座,merged2,机械制图,0.1311,机械制图:0.1311 | 装配图:0.0374 | 机械平面图:0.0280
零件一.dwg,零件一,merged,机械制图,0.0665,机械制图:0.0665 | 练习零件图:0.0321 | 装配图:0.0269
零件一.dwg,零件一,merged2,机械制图,0.1344,机械制图:0.1344 | 装配图:0.0361 | 机械平面图:0.0289
零件七.dwg,零件七,merged,机械制图,0.0729,机械制图:0.0729 | 练习零件图:0.0342 | 装配图:0.0271
零件七.dwg,零件七,merged2,机械制图,0.1433,机械制图:0.1433 | 装配图:0.0376 | 机械平面图:0.0273
零件三.dwg,零件三,merged,机械制图,0.0685,机械制图:0.0685 | 练习零件图:0.0323 | 装配图:0.0265
零件三.dwg,零件三,merged2,机械制图,0.1412,机械制图:0.1412 | 装配图:0.0383 | 机械平面图:0.0300
零件九.dwg,零件九,merged,机械制图,0.0648,机械制图:0.0648 | 练习零件图:0.0317 | 装配图:0.0278
零件九.dwg,零件九,merged2,机械制图,0.1358,机械制图:0.1358 | 装配图:0.0362 | 机械平面图:0.0291
零件二.dwg,零件二,merged,机械制图,0.0650,机械制图:0.0650 | 练习零件图:0.0319 | 装配图:0.0268
零件二.dwg,零件二,merged2,机械制图,0.1287,机械制图:0.1287 | 装配图:0.0355 | 机械平面图:0.0287
零件五.dwg,零件五,merged,机械制图,0.0685,机械制图:0.0685 | 练习零件图:0.0327 | 装配图:0.0264
零件五.dwg,零件五,merged2,机械制图,0.1365,机械制图:0.1365 | 装配图:0.0370 | 机械平面图:0.0296
零件八.dwg,零件八,merged,机械制图,0.0664,机械制图:0.0664 | 练习零件图:0.0312 | 装配图:0.0299
零件八.dwg,零件八,merged2,机械制图,0.1468,机械制图:0.1468 | 装配图:0.0396 | 机械平面图:0.0303
零件六.dwg,零件六,merged,机械制图,0.0636,机械制图:0.0636 | 练习零件图:0.0305 | 装配图:0.0285
零件六.dwg,零件六,merged2,机械制图,0.1474,机械制图:0.1474 | 装配图:0.0406 | 机械平面图:0.0297
零件四.dwg,零件四,merged,机械制图,0.0676,机械制图:0.0676 | 练习零件图:0.0323 | 装配图:0.0267
零件四.dwg,零件四,merged2,机械制图,0.1387,机械制图:0.1387 | 装配图:0.0380 | 机械平面图:0.0299
轴的标注.dwg,机械制图,merged,机械制图,0.0691,机械制图:0.0691 | 练习零件图:0.0337 | 装配图:0.0265
轴的标注.dwg,机械制图,merged2,机械制图,0.1289,机械制图:0.1289 | 装配图:0.0350 | 机械平面图:0.0282
1-1泵盖图.dwg,泵盖图,merged,机械制图,0.0694,机械制图:0.0694 | 练习零件图:0.0327 | 轴类:0.0264
1-1泵盖图.dwg,泵盖图,merged2,机械制图,0.1268,机械制图:0.1268 | 装配图:0.0339 | 机械平面图:0.0283
1-2弹簧视图.dwg,机械制图,merged,机械制图,0.0667,机械制图:0.0667 | 练习零件图:0.0323 | 轴类:0.0262
1-2弹簧视图.dwg,机械制图,merged2,机械制图,0.1278,机械制图:0.1278 | 装配图:0.0344 | 机械平面图:0.0281
1-3底座视图.dwg,底座视图,merged,机械制图,0.0648,机械制图:0.0648 | 练习零件图:0.0330 | 装配图:0.0267
1-3底座视图.dwg,底座视图,merged2,机械制图,0.1199,机械制图:0.1199 | 装配图:0.0341 | 机械平面图:0.0275
1-6机械平面图1.dwg,机械平面图,merged,机械制图,0.0436,机械制图:0.0436 | 机械平面图:0.0302 | 轴类:0.0275
1-6机械平面图1.dwg,机械平面图,merged2,机械制图,0.0971,机械制图:0.0971 | 机械平面图:0.0484 | 装配图:0.0329
1-7机械平面图2.dwg,机械平面图,merged,机械平面图,0.0456,机械平面图:0.0456 | 机械制图:0.0365 | 轴类:0.0306
1-7机械平面图2.dwg,机械平面图,merged2,机械制图,0.0989,机械制图:0.0989 | 机械平面图:0.0883 | 装配图:0.0402
1-8机械平面图3.dwg,机械平面图,merged,机械平面图,0.0433,机械平面图:0.0433 | 机械制图:0.0373 | 轴类:0.0317
1-8机械平面图3.dwg,机械平面图,merged2,机械制图,0.1005,机械制图:0.1005 | 机械平面图:0.0797 | 装配图:0.0379
1-9机械平面图4.dwg,机械平面图,merged,机械制图,0.0457,机械制图:0.0457 | 机械平面图:0.0410 | 轴类:0.0346
1-9机械平面图4.dwg,机械平面图,merged2,机械制图,0.1221,机械制图:0.1221 | 机械平面图:0.0718 | 装配图:0.0386
餐桌底视图.dwg,机械制图,merged,机械制图,0.0690,机械制图:0.0690 | 练习零件图:0.0335 | 装配图:0.0281
餐桌底视图.dwg,机械制图,merged2,机械制图,0.1348,机械制图:0.1348 | 装配图:0.0399 | 机械平面图:0.0274
机械制图49.dwg,机械制图,merged,机械制图,0.0722,机械制图:0.0722 | 练习零件图:0.0334 | 轴类:0.0263
机械制图49.dwg,机械制图,merged2,机械制图,0.1300,机械制图:0.1300 | 装配图:0.0344 | 机械平面图:0.0283
机械制图50.dwg,机械制图,merged,机械制图,0.0620,机械制图:0.0620 | 练习零件图:0.0319 | 装配图:0.0255
机械制图50.dwg,机械制图,merged2,机械制图,0.1167,机械制图:0.1167 | 装配图:0.0330 | 机械平面图:0.0277
机械制图51.dwg,机械制图,merged,机械制图,0.0677,机械制图:0.0677 | 练习零件图:0.0335 | 装配图:0.0265
机械制图51.dwg,机械制图,merged2,机械制图,0.1264,机械制图:0.1264 | 装配图:0.0341 | 机械平面图:0.0277
机械制图52.dwg,机械制图,merged,机械制图,0.0653,机械制图:0.0653 | 练习零件图:0.0326 | 装配图:0.0268
机械制图52.dwg,机械制图,merged2,机械制图,0.1210,机械制图:0.1210 | 装配图:0.0334 | 机械平面图:0.0282
机械制图53.dwg,机械制图,merged,机械制图,0.0690,机械制图:0.0690 | 练习零件图:0.0357 | 装配图:0.0311
机械制图53.dwg,机械制图,merged2,机械制图,0.1281,机械制图:0.1281 | 装配图:0.0402 | 基质沥青计量罐:0.0286
机械制图54.dwg,机械制图,merged,机械制图,0.0722,机械制图:0.0722 | 练习零件图:0.0347 | 装配图:0.0285
机械制图54.dwg,机械制图,merged2,机械制图,0.1279,机械制图:0.1279 | 装配图:0.0380 | 基质沥青计量罐:0.0270
机械制图55.dwg,机械制图,merged,机械制图,0.0803,机械制图:0.0803 | 装配图:0.0538 | 轴类:0.0368
机械制图55.dwg,机械制图,merged2,机械制图,0.1689,机械制图:0.1689 | 装配图:0.0508 | 后桥装配:0.0489
机械制图56.dwg,机械制图,merged,机械制图,0.0808,机械制图:0.0808 | 练习零件图:0.0387 | 装配图:0.0278
机械制图56.dwg,机械制图,merged2,机械制图,0.1338,机械制图:0.1338 | 装配图:0.0444 | 差动机构:0.0276
机械制图57.dwg,机械制图,merged,机械制图,0.0728,机械制图:0.0728 | 练习零件图:0.0355 | 装配图:0.0289
机械制图57.dwg,机械制图,merged2,机械制图,0.1255,机械制图:0.1255 | 装配图:0.0377 | 基质沥青计量罐:0.0274
机械制图58.dwg,机械制图,merged,机械制图,0.0688,机械制图:0.0688 | 练习零件图:0.0355 | 装配图:0.0296
机械制图58.dwg,机械制图,merged2,机械制图,0.1242,机械制图:0.1242 | 装配图:0.0383 | 基质沥青计量罐:0.0277
机械制图59.dwg,机械制图,merged,机械制图,0.0729,机械制图:0.0729 | 练习零件图:0.0361 | 装配图:0.0333
机械制图59.dwg,机械制图,merged2,机械制图,0.1283,机械制图:0.1283 | 装配图:0.0413 | 基质沥青计量罐:0.0295
机械制图60.dwg,机械制图,merged,机械制图,0.0974,机械制图:0.0974 | 装配图:0.0530 | 练习零件图:0.0420
机械制图60.dwg,机械制图,merged2,机械制图,0.1652,机械制图:0.1652 | 装配图:0.0665 | 后桥装配:0.0404
机械制图61.dwg,机械制图,merged,机械制图,0.0707,机械制图:0.0707 | 练习零件图:0.0354 | 装配图:0.0297
机械制图61.dwg,机械制图,merged2,机械制图,0.1246,机械制图:0.1246 | 装配图:0.0382 | 基质沥青计量罐:0.0276
机械制图62.dwg,机械制图,merged,机械制图,0.0637,机械制图:0.0637 | 练习零件图:0.0311 | 轴类:0.0274
机械制图62.dwg,机械制图,merged2,机械制图,0.1285,机械制图:0.1285 | 装配图:0.0341 | 机械平面图:0.0297
机械制图69.dwg,机械制图,merged,装配图,0.1743,装配图:0.1743 | 机械制图:0.1316 | 后桥装配:0.0667
机械制图69.dwg,机械制图,merged2,机械制图,0.3902,机械制图:0.3902 | 后桥装配:0.1147 | 装配图:0.0929
机械制图70.dwg,机械制图,merged,机械制图,0.1612,机械制图:0.1612 | 装配图:0.1506 | 后桥装配:0.0534
机械制图70.dwg,机械制图,merged2,机械制图,0.2596,机械制图:0.2596 | 装配图:0.1908 | 后桥装配:0.0908
机械制图71.dwg,机械制图,merged,机械制图,0.0723,机械制图:0.0723 | 练习零件图:0.0336 | 装配图:0.0314
机械制图71.dwg,机械制图,merged2,机械制图,0.1584,机械制图:0.1584 | 装配图:0.0422 | 机械平面图:0.0279
机械制图72.dwg,机械制图,merged,机械制图,0.1165,机械制图:0.1165 | 装配图:0.0744 | 练习零件图:0.0427
机械制图72.dwg,机械制图,merged2,机械制图,0.2159,机械制图:0.2159 | 装配图:0.0929 | 后桥装配:0.0543
机械制图73.dwg,机械制图,merged,机械制图,0.0731,机械制图:0.0731 | 装配图:0.0381 | 练习零件图:0.0347
机械制图73.dwg,机械制图,merged2,机械制图,0.1659,机械制图:0.1659 | 装配图:0.0470 | 基质沥青计量罐:0.0305
机械制图74.dwg,机械制图,merged,机械制图,0.0648,机械制图:0.0648 | 装配图:0.0464 | 轴类:0.0383
机械制图74.dwg,机械制图,merged2,机械制图,0.1582,机械制图:0.1582 | 机械平面图:0.0417 | 装配图:0.0400
机械制图75.dwg,机械制图,merged,机械制图,0.1073,机械制图:0.1073 | 装配图:0.0825 | 练习零件图:0.0397
机械制图75.dwg,机械制图,merged2,机械制图,0.2142,机械制图:0.2142 | 装配图:0.0962 | 后桥装配:0.0629
三视图.dwg,机械制图,merged,,0.0000,
三视图.dwg,机械制图,merged2,,0.0000,
三视图1.dwg,机械制图,merged,机械制图,0.0739,机械制图:0.0739 | 练习零件图:0.0337 | 轴类:0.0279
三视图1.dwg,机械制图,merged2,机械制图,0.1466,机械制图:0.1466 | 装配图:0.0348 | 机械平面图:0.0293
三视图2.dwg,机械制图,merged,机械制图,0.0752,机械制图:0.0752 | 练习零件图:0.0324 | 轴类:0.0281
三视图2.dwg,机械制图,merged2,机械制图,0.1451,机械制图:0.1451 | 装配图:0.0359 | 机械平面图:0.0291
三视图练习.dwg,三视图练习,merged,,0.0000,
三视图练习.dwg,三视图练习,merged2,,0.0000,
机械制图76.dwg,机械制图,merged,装配图,0.1998,装配图:0.1998 | 机械制图:0.1530 | 轴类:0.0516
机械制图76.dwg,机械制图,merged2,机械制图,0.4287,机械制图:0.4287 | 装配图:0.2067 | 后桥装配:0.0534
机械制图77.dwg,机械制图,merged,装配图,0.3241,装配图:0.3241 | 机械制图:0.1715 | 后桥装配:0.0828
机械制图77.dwg,机械制图,merged2,机械制图,0.3994,机械制图:0.3994 | 后桥装配:0.2067 | 装配图:0.1571
螺栓视图.dwg,机械制图,merged,机械制图,0.0707,机械制图:0.0707 | 练习零件图:0.0333 | 装配图:0.0267
螺栓视图.dwg,机械制图,merged2,机械制图,0.1261,机械制图:0.1261 | 装配图:0.0346 | 机械平面图:0.0280
三视图投影示例.dwg,机械制图,merged,机械制图,0.0654,机械制图:0.0654 | 练习零件图:0.0320 | 装配图:0.0262
三视图投影示例.dwg,机械制图,merged2,机械制图,0.1267,机械制图:0.1267 | 装配图:0.0353 | 机械平面图:0.0280
三视图练习1.dwg,三视图练习,merged,机械制图,0.0770,机械制图:0.0770 | 练习零件图:0.0340 | 轴类:0.0281
三视图练习1.dwg,三视图练习,merged2,机械制图,0.1516,机械制图:0.1516 | 装配图:0.0351 | 机械平面图:0.0294
轴零件图.dwg,零件图,merged,机械制图,0.0726,机械制图:0.0726 | 练习零件图:0.0331 | 轴类:0.0272
轴零件图.dwg,零件图,merged2,机械制图,0.1341,机械制图:0.1341 | 装配图:0.0340 | 机械平面图:0.0287
轴零件平面图.dwg,平面图,merged,机械制图,0.0683,机械制图:0.0683 | 练习零件图:0.0338 | 装配图:0.0290
轴零件平面图.dwg,平面图,merged2,机械制图,0.1322,机械制图:0.1322 | 装配图:0.0394 | 机械平面图:0.0271
2-10机械制图.dwg,机械制图,merged,机械制图,0.0780,机械制图:0.0780 | 练习零件图:0.0367 | 装配图:0.0358
2-10机械制图.dwg,机械制图,merged2,机械制图,0.1406,机械制图:0.1406 | 装配图:0.0417 | 后桥装配:0.0299
2-1机械平面图.dwg,机械平面图,merged,机械制图,0.0478,机械制图:0.0478 | 机械平面图:0.0342 | 轴类:0.0331
2-1机械平面图.dwg,机械平面图,merged2,机械制图,0.1205,机械制图:0.1205 | 机械平面图:0.0536 | 装配图:0.0352
2-2机械平面图.dwg,机械平面图,merged,机械制图,0.0495,机械制图:0.0495 | 机械平面图:0.0360 | 轴类:0.0324
2-2机械平面图.dwg,机械平面图,merged2,机械制图,0.1229,机械制图:0.1229 | 机械平面图:0.0607 | 装配图:0.0383
2-3机械平面图.dwg,机械平面图,merged,机械平面图,0.0370,机械平面图:0.0370 | 机械制图:0.0347 | 轴类:0.0277
2-3机械平面图.dwg,机械平面图,merged2,机械制图,0.0805,机械制图:0.0805 | 机械平面图:0.0651 | 装配图:0.0336
2-4机械平面图.dwg,机械平面图,merged,机械平面图,0.0403,机械平面图:0.0403 | 机械制图:0.0402 | 轴类:0.0301
2-4机械平面图.dwg,机械平面图,merged2,机械制图,0.1163,机械制图:0.1163 | 机械平面图:0.0725 | 装配图:0.0425
2-5机械平面图.dwg,机械平面图,merged,机械平面图,0.0433,机械平面图:0.0433 | 机械制图:0.0372 | 装配图:0.0287
2-5机械平面图.dwg,机械平面图,merged2,机械制图,0.1222,机械制图:0.1222 | 机械平面图:0.0712 | 装配图:0.0483
2-6机械制图.dwg,机械制图,merged,机械制图,0.0703,机械制图:0.0703 | 练习零件图:0.0344 | 装配图:0.0313
2-6机械制图.dwg,机械制图,merged2,机械制图,0.1262,机械制图:0.1262 | 装配图:0.0373 | 基质沥青计量罐:0.0273
2-7机械制图.dwg,机械制图,merged,机械制图,0.0724,机械制图:0.0724 | 练习零件图:0.0341 | 装配图:0.0263
2-7机械制图.dwg,机械制图,merged2,机械制图,0.1306,机械制图:0.1306 | 装配图:0.0346 | 机械平面图:0.0283
2-8机械制图.dwg,机械制图,merged,机械制图,0.0734,机械制图:0.0734 | 练习零件图:0.0351 | 装配图:0.0331
2-8机械制图.dwg,机械制图,merged2,机械制图,0.1370,机械制图:0.1370 | 装配图:0.0390 | 基质沥青计量罐:0.0283
2-9机械制图.dwg,机械制图,merged,机械制图,0.0715,机械制图:0.0715 | 练习零件图:0.0342 | 装配图:0.0266
2-9机械制图.dwg,机械制图,merged2,机械制图,0.1338,机械制图:0.1338 | 装配图:0.0349 | 机械平面图:0.0279
机械制图10.dwg,机械制图,merged,机械制图,0.0731,机械制图:0.0731 | 练习零件图:0.0338 | 轴类:0.0268
机械制图10.dwg,机械制图,merged2,机械制图,0.1386,机械制图:0.1386 | 装配图:0.0349 | 机械平面图:0.0283
机械制图11.dwg,机械制图,merged,机械制图,0.0737,机械制图:0.0737 | 练习零件图:0.0352 | 装配图:0.0274
机械制图11.dwg,机械制图,merged2,机械制图,0.1454,机械制图:0.1454 | 装配图:0.0364 | 机械平面图:0.0279
机械制图12.dwg,机械制图,merged,机械制图,0.0831,机械制图:0.0831 | 装配图:0.0397 | 练习零件图:0.0386
机械制图12.dwg,机械制图,merged2,机械制图,0.1535,机械制图:0.1535 | 装配图:0.0473 | 基质沥青计量罐:0.0328
机械制图13.dwg,机械制图,merged,机械制图,0.0666,机械制图:0.0666 | 练习零件图:0.0326 | 轴类:0.0266
机械制图13.dwg,机械制图,merged2,机械制图,0.1288,机械制图:0.1288 | 装配图:0.0348 | 机械平面图:0.0276
机械制图14.dwg,机械制图,merged,机械制图,0.0716,机械制图:0.0716 | 练习零件图:0.0345 | 装配图:0.0266
机械制图14.dwg,机械制图,merged2,机械制图,0.1350,机械制图:0.1350 | 装配图:0.0351 | 机械平面图:0.0278
机械制图6.dwg,机械制图,merged,机械制图,0.0700,机械制图:0.0700 | 练习零件图:0.0350 | 装配图:0.0329
机械制图6.dwg,机械制图,merged2,机械制图,0.1204,机械制图:0.1204 | 装配图:0.0387 | 基质沥青计量罐:0.0281
机械制图7.dwg,机械制图,merged,机械制图,0.0688,机械制图:0.0688 | 练习零件图:0.0337 | 装配图:0.0263
机械制图7.dwg,机械制图,merged2,机械制图,0.1290,机械制图:0.1290 | 装配图:0.0343 | 机械平面图:0.0279
机械制图8.dwg,机械制图,merged,机械制图,0.0656,机械制图:0.0656 | 练习零件图:0.0318 | 轴类:0.0256
机械制图8.dwg,机械制图,merged2,机械制图,0.1215,机械制图:0.1215 | 装配图:0.0328 | 机械平面图:0.0283
机械制图9.dwg,机械制图,merged,机械制图,0.0757,机械制图:0.0757 | 练习零件图:0.0360 | 装配图:0.0331
机械制图9.dwg,机械制图,merged2,机械制图,0.1407,机械制图:0.1407 | 装配图:0.0391 | 基质沥青计量罐:0.0286
机械制图15.dwg,机械制图,merged,机械制图,0.0698,机械制图:0.0698 | 练习零件图:0.0329 | 轴类:0.0266
机械制图15.dwg,机械制图,merged2,机械制图,0.1326,机械制图:0.1326 | 装配图:0.0345 | 机械平面图:0.0285
机械制图16.dwg,机械制图,merged,机械制图,0.0847,机械制图:0.0847 | 装配图:0.0421 | 练习零件图:0.0392
机械制图16.dwg,机械制图,merged2,机械制图,0.1583,机械制图:0.1583 | 装配图:0.0502 | 基质沥青计量罐:0.0341
机械制图17.dwg,机械制图,merged,机械制图,0.0748,机械制图:0.0748 | 练习零件图:0.0351 | 装配图:0.0270
机械制图17.dwg,机械制图,merged2,机械制图,0.1396,机械制图:0.1396 | 装配图:0.0353 | 机械平面图:0.0279
机械制图18.dwg,机械制图,merged,机械制图,0.0694,机械制图:0.0694 | 练习零件图:0.0331 | 装配图:0.0263
机械制图18.dwg,机械制图,merged2,机械制图,0.1297,机械制图:0.1297 | 装配图:0.0344 | 机械平面图:0.0280
机械制图19.dwg,机械制图,merged,机械制图,0.0847,机械制图:0.0847 | 装配图:0.0431 | 练习零件图:0.0395
机械制图19.dwg,机械制图,merged2,机械制图,0.1490,机械制图:0.1490 | 装配图:0.0520 | 基质沥青计量罐:0.0348
机械制图20.dwg,机械制图,merged,机械制图,0.0704,机械制图:0.0704 | 练习零件图:0.0335 | 轴类:0.0268
机械制图20.dwg,机械制图,merged2,机械制图,0.1396,机械制图:0.1396 | 装配图:0.0355 | 机械平面图:0.0280
机械制图21.dwg,机械制图,merged,机械制图,0.0753,机械制图:0.0753 | 练习零件图:0.0364 | 装配图:0.0359
机械制图21.dwg,机械制图,merged2,机械制图,0.1439,机械制图:0.1439 | 装配图:0.0426 | 基质沥青计量罐:0.0305
机械制图22.dwg,机械制图,merged,机械制图,0.0744,机械制图:0.0744 | 练习零件图:0.0359 | 装配图:0.0334
机械制图22.dwg,机械制图,merged2,机械制图,0.1361,机械制图:0.1361 | 装配图:0.0395 | 基质沥青计量罐:0.0288
机械制图23.dwg,机械制图,merged,机械制图,0.0662,机械制图:0.0662 | 练习零件图:0.0329 | 装配图:0.0255
机械制图23.dwg,机械制图,merged2,机械制图,0.1267,机械制图:0.1267 | 装配图:0.0356 | 机械平面图:0.0302
机械制图24.dwg,机械制图,merged,机械制图,0.0723,机械制图:0.0723 | 练习零件图:0.0350 | 装配图:0.0270
机械制图24.dwg,机械制图,merged2,机械制图,0.1433,机械制图:0.1433 | 装配图:0.0357 | 机械平面图:0.0283
机械制图25.dwg,机械制图,merged,机械制图,0.0597,机械制图:0.0597 | 练习零件图:0.0311 | 装配图:0.0257
机械制图25.dwg,机械制图,merged2,机械制图,0.1119,机械制图:0.1119 | 装配图:0.0329 | 机械平面图:0.0275
机械制图26.dwg,机械制图,merged,机械制图,0.0784,机械制图:0.0784 | 装配图:0.0391 | 练习零件图:0.0376
机械制图26.dwg,机械制图,merged2,机械制图,0.1443,机械制图:0.1443 | 装配图:0.0463 | 后桥装配:0.0325
机械制图27.dwg,机械制图,merged,机械制图,0.0669,机械制图:0.0669 | 练习零件图:0.0323 | 轴类:0.0260
机械制图27.dwg,机械制图,merged2,机械制图,0.1227,机械制图:0.1227 | 装配图:0.0332 | 机械平面图:0.0279
机械制图28.dwg,机械制图,merged,机械制图,0.0862,机械制图:0.0862 | 装配图:0.0464 | 练习零件图:0.0394
机械制图28.dwg,机械制图,merged2,机械制图,0.1435,机械制图:0.1435 | 装配图:0.0568 | 后桥装配:0.0374
机械制图29.dwg,机械制图,merged,机械制图,0.0887,机械制图:0.0887 | 装配图:0.0432 | 练习零件图:0.0396
机械制图29.dwg,机械制图,merged2,机械制图,0.1592,机械制图:0.1592 | 装配图:0.0512 | 后桥装配:0.0344
机械制图30.dwg,机械制图,merged,机械制图,0.0583,机械制图:0.0583 | 装配图:0.0302 | 练习零件图:0.0297
机械制图30.dwg,机械制图,merged2,机械制图,0.1172,机械制图:0.1172 | 机械平面图:0.0325 | 装配图:0.0324
机械制图31.dwg,机械制图,merged,机械制图,0.0691,机械制图:0.0691 | 练习零件图:0.0336 | 装配图:0.0264
机械制图31.dwg,机械制图,merged2,机械制图,0.1250,机械制图:0.1250 | 装配图:0.0344 | 机械平面图:0.0279
机械制图32.dwg,机械制图,merged,机械制图,0.0850,机械制图:0.0850 | 装配图:0.0432 | 练习零件图:0.0394
机械制图32.dwg,机械制图,merged2,机械制图,0.1472,机械制图:0.1472 | 装配图:0.0518 | 后桥装配:0.0349
机械制图33.dwg,机械制图,merged,机械制图,0.0712,机械制图:0.0712 | 练习零件图:0.0332 | 轴类:0.0262
机械制图33.dwg,机械制图,merged2,机械制图,0.1254,机械制图:0.1254 | 装配图:0.0344 | 机械平面图:0.0283
机械制图34.dwg,机械制图,merged,机械制图,0.0728,机械制图:0.0728 | 练习零件图:0.0342 | 轴类:0.0264
机械制图34.dwg,机械制图,merged2,机械制图,0.1349,机械制图:0.1349 | 装配图:0.0350 | 机械平面图:0.0282
机械制图35.dwg,机械制图,merged,机械制图,0.0706,机械制图:0.0706 | 练习零件图:0.0341 | 装配图:0.0263
机械制图35.dwg,机械制图,merged2,机械制图,0.1268,机械制图:0.1268 | 装配图:0.0345 | 机械平面图:0.0280
机械制图36.dwg,机械制图,merged,机械制图,0.0671,机械制图:0.0671 | 练习零件图:0.0330 | 装配图:0.0262
机械制图36.dwg,机械制图,merged2,机械制图,0.1244,机械制图:0.1244 | 装配图:0.0345 | 机械平面图:0.0280
机械制图37.dwg,机械制图,merged,机械制图,0.0928,机械制图:0.0928 | 装配图:0.0462 | 练习零件图:0.0408
机械制图37.dwg,机械制图,merged2,机械制图,0.1698,机械制图:0.1698 | 装配图:0.0554 | 基质沥青计量罐:0.0361
机械制图38.dwg,机械制图,merged,机械制图,0.0731,机械制图:0.0731 | 练习零件图:0.0342 | 装配图:0.0265
机械制图38.dwg,机械制图,merged2,机械制图,0.1339,机械制图:0.1339 | 装配图:0.0352 | 机械平面图:0.0282
机械制图39.dwg,机械制图,merged,机械制图,0.0660,机械制图:0.0660 | 练习零件图:0.0334 | 装配图:0.0265
机械制图39.dwg,机械制图,merged2,机械制图,0.1209,机械制图:0.1209 | 装配图:0.0340 | 机械平面图:0.0276
机械制图40.dwg,机械制图,merged,机械制图,0.0702,机械制图:0.0702 | 练习零件图:0.0336 | 装配图:0.0266
机械制图40.dwg,机械制图,merged2,机械制图,0.1284,机械制图:0.1284 | 装配图:0.0348 | 机械平面图:0.0280
机械制图41.dwg,机械制图,merged,机械制图,0.0773,机械制图:0.0773 | 练习零件图:0.0334 | 轴类:0.0264
机械制图41.dwg,机械制图,merged2,机械制图,0.1362,机械制图:0.1362 | 装配图:0.0351 | 机械平面图:0.0295
机械制图42.dwg,机械制图,merged,机械制图,0.0741,机械制图:0.0741 | 练习零件图:0.0335 | 轴类:0.0285
机械制图42.dwg,机械制图,merged2,机械制图,0.1718,机械制图:0.1718 | 装配图:0.0402 | 机械平面图:0.0282
机械制图43.dwg,机械制图,merged,机械制图,0.0737,机械制图:0.0737 | 装配图:0.0410 | 练习零件图:0.0368
机械制图43.dwg,机械制图,merged2,机械制图,0.1177,机械制图:0.1177 | 装配图:0.0492 | 后桥装配:0.0356
机械制图44.dwg,机械制图,merged,机械制图,0.0703,机械制图:0.0703 | 练习零件图:0.0345 | 装配图:0.0264
机械制图44.dwg,机械制图,merged2,机械制图,0.1287,机械制图:0.1287 | 装配图:0.0346 | 机械平面图:0.0278
机械制图45.dwg,机械制图,merged,机械制图,0.0738,机械制图:0.0738 | 练习零件图:0.0343 | 装配图:0.0263
机械制图45.dwg,机械制图,merged2,机械制图,0.1340,机械制图:0.1340 | 装配图:0.0350 | 机械平面图:0.0287
机械制图46.dwg,机械制图,merged,机械制图,0.0740,机械制图:0.0740 | 练习零件图:0.0348 | 轴类:0.0263
机械制图46.dwg,机械制图,merged2,机械制图,0.1361,机械制图:0.1361 | 装配图:0.0351 | 机械平面图:0.0283
机械制图47.dwg,机械制图,merged,机械制图,0.0690,机械制图:0.0690 | 练习零件图:0.0335 | 装配图:0.0263
机械制图47.dwg,机械制图,merged2,机械制图,0.1252,机械制图:0.1252 | 装配图:0.0344 | 机械平面图:0.0285
机械制图48.dwg,机械制图,merged,机械制图,0.0893,机械制图:0.0893 | 装配图:0.0473 | 练习零件图:0.0407
机械制图48.dwg,机械制图,merged2,机械制图,0.1501,机械制图:0.1501 | 装配图:0.0580 | 后桥装配:0.0373
箱座.dwg,箱座,merged,机械制图,0.0452,机械制图:0.0452 | 机械平面图:0.0297 | 装配图:0.0280
箱座.dwg,箱座,merged2,机械制图,0.1082,机械制图:0.1082 | 机械平面图:0.0467 | 装配图:0.0373
箱盖.dwg,机械制图,merged,机械制图,0.0599,机械制图:0.0599 | 练习零件图:0.0290 | 轴类:0.0287
箱盖.dwg,机械制图,merged2,机械制图,0.1245,机械制图:0.1245 | 机械平面图:0.0338 | 装配图:0.0336
蜗杆轴.dwg,机械制图,merged,机械制图,0.0744,机械制图:0.0744 | 练习零件图:0.0333 | 轴类:0.0288
蜗杆轴.dwg,机械制图,merged2,机械制图,0.1488,机械制图:0.1488 | 装配图:0.0378 | 机械平面图:0.0281
蜗轮.dwg,蜗轮蜗杆,merged,机械制图,0.0701,机械制图:0.0701 | 装配图:0.0385 | 轴类:0.0330
蜗轮.dwg,蜗轮蜗杆,merged2,机械制图,0.1493,机械制图:0.1493 | 装配图:0.0394 | 后桥装配:0.0331
蜗轮轮杆减速器装配图.dwg,装配图,merged,机械制图,0.0687,机械制图:0.0687 | 装配图:0.0334 | 练习零件图:0.0319
蜗轮轮杆减速器装配图.dwg,装配图,merged2,机械制图,0.1420,机械制图:0.1420 | 装配图:0.0375 | 机械平面图:0.0292
蜗轮轴.dwg,机械制图,merged,机械制图,0.0752,机械制图:0.0752 | 练习零件图:0.0347 | 装配图:0.0278
蜗轮轴.dwg,机械制图,merged2,机械制图,0.1386,机械制图:0.1386 | 装配图:0.0369 | 机械平面图:0.0273
装配图.dwg,装配图,merged,机械制图,0.0525,机械制图:0.0525 | 轴类:0.0295 | 装配图:0.0290
装配图.dwg,装配图,merged2,机械制图,0.1148,机械制图:0.1148 | 机械平面图:0.0404 | 装配图:0.0340
轴的标注-1.dwg,机械制图,merged,机械制图,0.0691,机械制图:0.0691 | 练习零件图:0.0337 | 装配图:0.0265
轴的标注-1.dwg,机械制图,merged2,机械制图,0.1289,机械制图:0.1289 | 装配图:0.0350 | 机械平面图:0.0282
轴的标注-2.dwg,机械制图,merged,机械制图,0.0680,机械制图:0.0680 | 练习零件图:0.0332 | 装配图:0.0264
轴的标注-2.dwg,机械制图,merged2,机械制图,0.1214,机械制图:0.1214 | 装配图:0.0343 | 机械平面图:0.0276
滑块SCS16UU.dwg,滑块,merged,机械制图,0.0701,机械制图:0.0701 | 练习零件图:0.0338 | 装配图:0.0275
滑块SCS16UU.dwg,滑块,merged2,机械制图,0.1407,机械制图:0.1407 | 装配图:0.0373 | 机械平面图:0.0280
数据图yaoferrari.dwg,数据图,merged,机械制图,0.0577,机械制图:0.0577 | 装配图:0.0356 | 轴类:0.0318
数据图yaoferrari.dwg,数据图,merged2,机械制图,0.1245,机械制图:0.1245 | 装配图:0.0351 | 机械平面图:0.0319
A0模板.dwg,机械制图,merged,机械制图,0.0845,机械制图:0.0845 | 装配图:0.0441 | 练习零件图:0.0373
A0模板.dwg,机械制图,merged2,机械制图,0.1889,机械制图:0.1889 | 装配图:0.0576 | 基质沥青计量罐:0.0336
A1模板.dwg,机械制图,merged,机械制图,0.0781,机械制图:0.0781 | 装配图:0.0361 | 练习零件图:0.0356
A1模板.dwg,机械制图,merged2,机械制图,0.1698,机械制图:0.1698 | 装配图:0.0482 | 基质沥青计量罐:0.0304
A2模板.dwg,机械制图,merged,机械制图,0.0770,机械制图:0.0770 | 练习零件图:0.0348 | 装配图:0.0318
A2模板.dwg,机械制图,merged2,机械制图,0.1635,机械制图:0.1635 | 装配图:0.0439 | 基质沥青计量罐:0.0286
A3模板.dwg,机械制图,merged,机械制图,0.0789,机械制图:0.0789 | 练习零件图:0.0350 | 装配图:0.0295
A3模板.dwg,机械制图,merged2,机械制图,0.1624,机械制图:0.1624 | 装配图:0.0416 | 基质沥青计量罐:0.0276
A4模板.dwg,机械制图,merged,机械制图,0.0816,机械制图:0.0816 | 练习零件图:0.0358 | 装配图:0.0279
A4模板.dwg,机械制图,merged2,机械制图,0.1632,机械制图:0.1632 | 装配图:0.0405 | 机械平面图:0.0272
CAD图框.dwg,图框,merged,机械平面图,0.1124,机械平面图:0.1124 | 装配图:0.0994 | 轴类:0.0733
CAD图框.dwg,图框,merged2,机械制图,0.3728,机械制图:0.3728 | 机械平面图:0.1677 | 装配图:0.0747
基准代号.dwg,基准代号,merged,机械制图,0.0612,机械制图:0.0612 | 练习零件图:0.0328 | 装配图:0.0248
基准代号.dwg,基准代号,merged2,机械制图,0.1024,机械制图:0.1024 | 装配图:0.0331 | 差动机构:0.0253
简化标题栏表格.dwg,简化标题栏表格,merged,机械制图,0.0720,机械制图:0.0720 | 练习零件图:0.0335 | 轴类:0.0274
简化标题栏表格.dwg,简化标题栏表格,merged2,机械制图,0.1513,机械制图:0.1513 | 装配图:0.0375 | 机械平面图:0.0291
粗糙度1.dwg,粗糙度,merged,机械制图,0.0815,机械制图:0.0815 | 练习零件图:0.0366 | 装配图:0.0265
粗糙度1.dwg,粗糙度,merged2,机械制图,0.1371,机械制图:0.1371 | 装配图:0.0372 | 差动机构:0.0265
粗糙度2.dwg,粗糙度,merged,机械制图,0.0798,机械制图:0.0798 | 练习零件图:0.0362 | 装配图:0.0266
粗糙度2.dwg,粗糙度,merged2,机械制图,0.1328,机械制图:0.1328 | 装配图:0.0371 | 差动机构:0.0265
中间板.dwg,机械制图,merged,机械制图,0.0594,机械制图:0.0594 | 装配图:0.0338 | 轴类:0.0319
中间板.dwg,机械制图,merged2,机械制图,0.1287,机械制图:0.1287 | 机械平面图:0.0383 | 装配图:0.0356
底板.dwg,底板,merged,机械制图,0.0606,机械制图:0.0606 | 装配图:0.0333 | 轴类:0.0314
底板.dwg,底板,merged2,机械制图,0.1390,机械制图:0.1390 | 装配图:0.0383 | 机械平面图:0.0334
总装配.dwg,总装配,merged,机械制图,0.0922,机械制图:0.0922 | 装配图:0.0793 | 轴类:0.0508
总装配.dwg,总装配,merged2,机械制图,0.3297,机械制图:0.3297 | 装配图:0.0913 | 机械平面图:0.0463
支撑架.dwg,架类,merged,机械制图,0.0574,机械制图:0.0574 | 轴类:0.0298 | 装配图:0.0295
支撑架.dwg,架类,merged2,机械制图,0.1199,机械制图:0.1199 | 机械平面图:0.0370 | 装配图:0.0330
盖板.dwg,机械制图,merged,机械制图,0.0587,机械制图:0.0587 | 装配图:0.0402 | 轴类:0.0371
盖板.dwg,机械制图,merged2,机械制图,0.1490,机械制图:0.1490 | 机械平面图:0.0500 | 装配图:0.0387
端盖.dwg,机械制图,merged,机械制图,0.0650,机械制图:0.0650 | 练习零件图:0.0316 | 装配图:0.0297
端盖.dwg,机械制图,merged2,机械制图,0.1309,机械制图:0.1309 | 装配图:0.0388 | 机械平面图:0.0300
4后桥装配 - 副本.dwg,后桥装配,merged,装配图,0.2610,装配图:0.2610 | 机械制图:0.1735 | 后桥装配:0.0784
4后桥装配 - 副本.dwg,后桥装配,merged2,机械制图,0.3282,机械制图:0.3282 | 后桥装配:0.2000 | 装配图:0.1572
4后桥装配.dwg,后桥装配,merged,装配图,0.2610,装配图:0.2610 | 机械制图:0.1735 | 后桥装配:0.0784
4后桥装配.dwg,后桥装配,merged2,机械制图,0.3282,机械制图:0.3282 | 后桥装配:0.2000 | 装配图:0.1572
806控制板.dwg,机械制图,merged,机械制图,0.0812,机械制图:0.0812 | 装配图:0.0603 | 轴类:0.0413
806控制板.dwg,机械制图,merged2,机械制图,0.2006,机械制图:0.2006 | 装配图:0.0517 | 后桥装配:0.0479
Part3_catpart_1 - 副本.dwg,副本,merged,机械制图,0.0603,机械制图:0.0603 | 装配图:0.0307 | 练习零件图:0.0296
Part3_catpart_1 - 副本.dwg,副本,merged2,机械制图,0.1134,机械制图:0.1134 | 装配图:0.0331 | 机械平面图:0.0313
a1汽缸.dwg,汽缸,merged,机械制图,0.0603,机械制图:0.0603 | 练习零件图:0.0300 | 装配图:0.0277
a1汽缸.dwg,汽缸,merged2,机械制图,0.1151,机械制图:0.1151 | 装配图:0.0333 | 机械平面图:0.0297
前进离合器A1.dwg,前进离合器,merged,装配图,0.8571,装配图:0.8571 | 机械制图:0.1239 | 前进离合器:0.0102
前进离合器A1.dwg,前进离合器,merged2,装配图,0.9876,装配图:0.9876 | 后桥装配:0.0062 | 机械制图:0.0057
后机架更换桥6.20.dwg,机架,merged,装配图,0.3705,装配图:0.3705 | 机械制图:0.2206 | 前进离合器:0.0651
后机架更换桥6.20.dwg,机架,merged2,装配图,0.4431,装配图:0.4431 | 机械制图:0.3346 | 后桥装配:0.0687
圆柱滚子轴承.dwg,圆柱滚子轴承,merged,机械制图,0.0671,机械制图:0.0671 | 装配图:0.0363 | 轴类:0.0316
圆柱滚子轴承.dwg,圆柱滚子轴承,merged2,机械制图,0.1417,机械制图:0.1417 | 装配图:0.0413 | 机械平面图:0.0312
圆柱滚子轴承2008.dwg,圆柱滚子轴承,merged,机械制图,0.0671,机械制图:0.0671 | 装配图:0.0363 | 轴类:0.0316
圆柱滚子轴承2008.dwg,圆柱滚子轴承,merged2,机械制图,0.1417,机械制图:0.1417 | 装配图:0.0413 | 机械平面图:0.0312
基质沥青计量罐.dwg,基质沥青计量罐,merged,装配图,0.8945,装配图:0.8945 | 机械制图:0.0872 | 前进离合器:0.0105
基质沥青计量罐.dwg,基质沥青计量罐,merged2,装配图,0.9799,装配图:0.9799 | 机械制图:0.0160 | 后桥装配:0.0024
天花灯·COB技术文件1.dwg,技术文件,merged,机械平面图,0.0432,机械平面图:0.0432 | 机械制图:0.0398 | 轴类:0.0303
天花灯·COB技术文件1.dwg,技术文件,merged2,机械制图,0.1191,机械制图:0.1191 | 机械平面图:0.0770 | 装配图:0.0456
夹具.dwg,夹具,merged,机械制图,0.0657,机械制图:0.0657 | 装配图:0.0343 | 轴类:0.0323
夹具.dwg,夹具,merged2,机械制图,0.1424,机械制图:0.1424 | 装配图:0.0382 | 机械平面图:0.0324
夹具装配图.dwg,装配图,merged,装配图,0.5179,装配图:0.5179 | 机械制图:0.4726 | 练习零件图:0.0048
夹具装配图.dwg,装配图,merged2,装配图,0.9868,装配图:0.9868 | 机械制图:0.0097 | 基质沥青计量罐:0.0029
电路图.dwg,电路图,merged,机械制图,0.0677,机械制图:0.0677 | 练习零件图:0.0330 | 装配图:0.0279
电路图.dwg,电路图,merged2,机械制图,0.1361,机械制图:0.1361 | 装配图:0.0373 | 机械平面图:0.0293
站架三视图 - 副本.dwg,站架三视图,merged,机械制图,0.0880,机械制图:0.0880 | 装配图:0.0733 | 轴类:0.0427
站架三视图 - 副本.dwg,站架三视图,merged2,机械制图,0.2196,机械制图:0.2196 | 装配图:0.0646 | 后桥装配:0.0579
站架三视图.dwg,站架三视图,merged,机械制图,0.0880,机械制图:0.0880 | 装配图:0.0733 | 轴类:0.0427
站架三视图.dwg,站架三视图,merged2,机械制图,0.2196,机械制图:0.2196 | 装配图:0.0646 | 后桥装配:0.0579
装配图纸.dwg,装配图,merged,机械制图,0.1899,机械制图:0.1899 | 装配图:0.1440 | 练习零件图:0.0556
装配图纸.dwg,装配图,merged2,装配图,0.2649,装配图:0.2649 | 机械制图:0.2056 | 基质沥青计量罐:0.0779
金雨薇-2-氯烟酸.dwg,金雨薇,merged,机械平面图,0.1273,机械平面图:0.1273 | 装配图:0.0822 | 轴类:0.0688
金雨薇-2-氯烟酸.dwg,金雨薇,merged2,机械制图,0.2832,机械制图:0.2832 | 机械平面图:0.2436 | 装配图:0.0600
M10圆柱销.dwg,机械制图,merged,机械制图,0.0707,机械制图:0.0707 | 练习零件图:0.0325 | 装配图:0.0278
M10圆柱销.dwg,机械制图,merged2,机械制图,0.1276,机械制图:0.1276 | 装配图:0.0342 | 机械平面图:0.0294
M10菱形销.dwg,机械制图,merged,机械制图,0.0748,机械制图:0.0748 | 练习零件图:0.0356 | 装配图:0.0268
M10菱形销.dwg,机械制图,merged2,机械制图,0.1293,机械制图:0.1293 | 装配图:0.0364 | 差动机构:0.0264
压板.dwg,机械制图,merged,机械制图,0.0667,机械制图:0.0667 | 练习零件图:0.0321 | 装配图:0.0271
压板.dwg,机械制图,merged2,机械制图,0.1215,机械制图:0.1215 | 装配图:0.0338 | 机械平面图:0.0296
夹具主体座.dwg,夹具主体座,merged,机械制图,0.0675,机械制图:0.0675 | 练习零件图:0.0321 | 装配图:0.0317
夹具主体座.dwg,夹具主体座,merged2,机械制图,0.1307,机械制图:0.1307 | 装配图:0.0363 | 机械平面图:0.0290
夹具二维图.dwg,夹具二维图,merged,机械制图,0.1053,机械制图:0.1053 | 装配图:0.0685 | 轴类:0.0398
夹具二维图.dwg,夹具二维图,merged2,机械制图,0.2215,机械制图:0.2215 | 装配图:0.0699 | 后桥装配:0.0574
工件图.dwg,工件图,merged,机械制图,0.0598,机械制图:0.0598 | 练习零件图:0.0295 | 轴类:0.0289
工件图.dwg,工件图,merged2,机械制图,0.1223,机械制图:0.1223 | 装配图:0.0333 | 机械平面图:0.0313
夹具二维图(2000).dwg,夹具二维图(,merged,机械制图,0.1049,机械制图:0.1049 | 装配图:0.0685 | 轴类:0.0397
夹具二维图(2000).dwg,夹具二维图(,merged2,机械制图,0.2192,机械制图:0.2192 | 装配图:0.0700 | 后桥装配:0.0575
四缸八气门凸轮轴(465Q).dwg,机械制图,merged,机械制图,0.0545,机械制图:0.0545 | 装配图:0.0380 | 机械平面图:0.0368
四缸八气门凸轮轴(465Q).dwg,机械制图,merged2,机械制图,0.1379,机械制图:0.1379 | 机械平面图:0.0582 | 装配图:0.0374
