file,status,part_type,confidence,confidence_source,rule_version,graph2d_label,graph2d_confidence,graph2d_temperature,graph2d_temperature_source,fusion_label,fusion_confidence,soft_override_eligible,soft_override_label,soft_override_confidence,soft_override_threshold,soft_override_reason
/Users/huazhou/Downloads/训练图纸/训练图纸_dxf_oda_20260123/BTJ02230301120-03保护罩组件v1.dxf,ok,罩,0.900,fusion,L2-Fusion-v1,罐体,0.1666058897972107,0.965337,reports/experiments/20260123/GRAPH2D_TEMPERATURE_CALIBRATION_20260124.json,Standard_Part,0.55,False,罐体,0.1666058897972107,0.17,confidence_source_not_rules
/Users/huazhou/Downloads/训练图纸/训练图纸_dxf_oda_20260123/BTJ14240301522-00防爆视灯组件v1.dxf,ok,complex_assembly,0.550,rules,v1,罐体,0.15885485708713531,0.965337,reports/experiments/20260123/GRAPH2D_TEMPERATURE_CALIBRATION_20260124.json,Standard_Part,0.55,False,罐体,0.15885485708713531,0.17,below_threshold
/Users/huazhou/Downloads/训练图纸/训练图纸_dxf_oda_20260123/J2925001-01人孔v2.dxf,ok,complex_assembly,0.550,rules,v1,传动件,0.1714027225971222,0.965337,reports/experiments/20260123/GRAPH2D_TEMPERATURE_CALIBRATION_20260124.json,Standard_Part,0.55,True,传动件,0.1714027225971222,0.17,eligible
/Users/huazhou/Downloads/训练图纸/训练图纸_dxf_oda_20260123/BTJ01231301522-00蜗轮蜗杆传动出料机构v3.dxf,ok,蜗杆,0.900,fusion,L2-Fusion-v1,传动件,0.16183316707611084,0.965337,reports/experiments/20260123/GRAPH2D_TEMPERATURE_CALIBRATION_20260124.json,Standard_Part,0.6000000000000001,False,传动件,0.16183316707611084,0.17,confidence_source_not_rules
/Users/huazhou/Downloads/训练图纸/训练图纸_dxf_oda_20260123/J0225048-02-07侧推料组件v2.dxf,ok,complex_assembly,0.550,rules,v1,传动件,0.18414387106895447,0.965337,reports/experiments/20260123/GRAPH2D_TEMPERATURE_CALIBRATION_20260124.json,Standard_Part,0.55,True,传动件,0.18414387106895447,0.17,eligible
/Users/huazhou/Downloads/训练图纸/训练图纸_dxf_oda_20260123/J0224025-06-01-03出料凸缘v2.dxf,ok,complex_assembly,0.550,rules,v1,传动件,0.17034751176834106,0.965337,reports/experiments/20260123/GRAPH2D_TEMPERATURE_CALIBRATION_20260124.json,Standard_Part,0.55,True,传动件,0.17034751176834106,0.17,eligible
/Users/huazhou/Downloads/训练图纸/训练图纸_dxf_oda_20260123/BTJ01239601522-03扭转弹簧v2.dxf,ok,moderate_component,0.600,rules,v1,传动件,0.16733375191688538,0.965337,reports/experiments/20260123/GRAPH2D_TEMPERATURE_CALIBRATION_20260124.json,Standard_Part,0.55,False,传动件,0.16733375191688538,0.17,below_threshold
/Users/huazhou/Downloads/训练图纸/训练图纸_dxf_oda_20260123/BTJ02230101102-12手轮组件v1.dxf,ok,moderate_component,0.600,rules,v1,传动件,0.19683055579662323,0.965337,reports/experiments/20260123/GRAPH2D_TEMPERATURE_CALIBRATION_20260124.json,Standard_Part,0.55,True,传动件,0.19683055579662323,0.17,eligible
/Users/huazhou/Downloads/训练图纸/训练图纸_dxf_oda_20260123/J2825003-05下筒体组件v2.dxf,ok,complex_assembly,0.550,rules,v1,罐体,0.1765483021736145,0.965337,reports/experiments/20260123/GRAPH2D_TEMPERATURE_CALIBRATION_20260124.json,Standard_Part,0.55,True,罐体,0.1765483021736145,0.17,eligible
/Users/huazhou/Downloads/训练图纸/训练图纸_dxf_oda_20260123/J0724006-01下锥体组件v3.dxf,ok,机械制图,0.900,fusion,L2-Fusion-v1,罐体,0.1686006337404251,0.965337,reports/experiments/20260123/GRAPH2D_TEMPERATURE_CALIBRATION_20260124.json,Standard_Part,0.55,False,罐体,0.1686006337404251,0.17,confidence_source_not_rules
/Users/huazhou/Downloads/训练图纸/训练图纸_dxf_oda_20260123/J0224071-11捕集器组件v2.dxf,ok,complex_assembly,0.550,rules,v1,传动件,0.17126205563545227,0.965337,reports/experiments/20260123/GRAPH2D_TEMPERATURE_CALIBRATION_20260124.json,Standard_Part,0.55,True,传动件,0.17126205563545227,0.17,eligible
/Users/huazhou/Downloads/训练图纸/训练图纸_dxf_oda_20260123/J0225054-15罐体支腿v1.dxf,ok,支腿,0.900,fusion,L2-Fusion-v1,传动件,0.17608940601348877,0.965337,reports/experiments/20260123/GRAPH2D_TEMPERATURE_CALIBRATION_20260124.json,Standard_Part,0.55,False,传动件,0.17608940601348877,0.17,confidence_source_not_rules
/Users/huazhou/Downloads/训练图纸/训练图纸_dxf_oda_20260123/LTJ012303106-0001超声波法兰.dxf,ok,moderate_component,0.600,rules,v1,罐体,0.16976740956306458,0.965337,reports/experiments/20260123/GRAPH2D_TEMPERATURE_CALIBRATION_20260124.json,Standard_Part,0.55,False,罐体,0.16976740956306458,0.17,below_threshold
/Users/huazhou/Downloads/训练图纸/训练图纸_dxf_oda_20260123/LTJ012303106-0030连接法兰(大)v2.dxf,ok,moderate_component,0.600,rules,v1,罐体,0.1667039841413498,0.965337,reports/experiments/20260123/GRAPH2D_TEMPERATURE_CALIBRATION_20260124.json,Standard_Part,0.55,False,罐体,0.1667039841413498,0.17,below_threshold
/Users/huazhou/Downloads/训练图纸/训练图纸_dxf_oda_20260123/J2925001-00再沸器v1.dxf,ok,complex_assembly,0.550,rules,v1,罐体,0.16936609148979187,0.965337,reports/experiments/20260123/GRAPH2D_TEMPERATURE_CALIBRATION_20260124.json,Standard_Part,0.6000000000000001,False,罐体,0.16936609148979187,0.17,below_threshold
/Users/huazhou/Downloads/训练图纸/训练图纸_dxf_oda_20260123/J2925001-05管束v1.dxf,ok,complex_assembly,0.550,rules,v1,罐体,0.16077911853790283,0.965337,reports/experiments/20260123/GRAPH2D_TEMPERATURE_CALIBRATION_20260124.json,Standard_Part,0.6000000000000001,False,罐体,0.16077911853790283,0.17,below_threshold
/Users/huazhou/Downloads/训练图纸/训练图纸_dxf_oda_20260123/J0224036-10搅拌减速机机罩v1.dxf,ok,罩,0.900,fusion,L2-Fusion-v1,传动件,0.174152210354805,0.965337,reports/experiments/20260123/GRAPH2D_TEMPERATURE_CALIBRATION_20260124.json,Standard_Part,0.55,False,传动件,0.174152210354805,0.17,confidence_source_not_rules
/Users/huazhou/Downloads/训练图纸/训练图纸_dxf_oda_20260123/J0224025-06-01-03出料凸缘v1.dxf,ok,complex_assembly,0.550,rules,v1,传动件,0.17034751176834106,0.965337,reports/experiments/20260123/GRAPH2D_TEMPERATURE_CALIBRATION_20260124.json,Standard_Part,0.55,True,传动件,0.17034751176834106,0.17,eligible
/Users/huazhou/Downloads/训练图纸/训练图纸_dxf_oda_20260123/BTJ01239901522-00拖轮组件v1.dxf,ok,moderate_component,0.600,rules,v1,传动件,0.17047974467277527,0.965337,reports/experiments/20260123/GRAPH2D_TEMPERATURE_CALIBRATION_20260124.json,Standard_Part,0.55,True,传动件,0.17047974467277527,0.17,eligible
/Users/huazhou/Downloads/训练图纸/训练图纸_dxf_oda_20260123/J0724006-01下锥体组件v2.dxf,ok,机械制图,0.900,fusion,L2-Fusion-v1,罐体,0.16860619187355042,0.965337,reports/experiments/20260123/GRAPH2D_TEMPERATURE_CALIBRATION_20260124.json,Standard_Part,0.55,False,罐体,0.16860619187355042,0.17,confidence_source_not_rules
/Users/huazhou/Downloads/训练图纸/训练图纸_dxf_oda_20260123/J2925001-00再沸器v2.dxf,ok,complex_assembly,0.550,rules,v1,罐体,0.16936609148979187,0.965337,reports/experiments/20260123/GRAPH2D_TEMPERATURE_CALIBRATION_20260124.json,Standard_Part,0.6000000000000001,False,罐体,0.16936609148979187,0.17,below_threshold
/Users/huazhou/Downloads/训练图纸/训练图纸_dxf_oda_20260123/J2824002-06上封头组件v1.dxf,ok,盖,0.900,fusion,L2-Fusion-v1,设备,0.16627413034439087,0.965337,reports/experiments/20260123/GRAPH2D_TEMPERATURE_CALIBRATION_20260124.json,Standard_Part,0.55,False,设备,0.16627413034439087,0.17,confidence_source_not_rules
/Users/huazhou/Downloads/训练图纸/训练图纸_dxf_oda_20260123/J0225004-04-05下封板v1.dxf,ok,moderate_component,0.600,rules,v1,罐体,0.1697865128517151,0.965337,reports/experiments/20260123/GRAPH2D_TEMPERATURE_CALIBRATION_20260124.json,Standard_Part,0.55,False,罐体,0.1697865128517151,0.17,below_threshold
/Users/huazhou/Downloads/训练图纸/训练图纸_dxf_oda_20260123/J2825002-06上筒体组件v2.dxf,ok,complex_assembly,0.550,rules,v1,罐体,0.16442804038524628,0.965337,reports/experiments/20260123/GRAPH2D_TEMPERATURE_CALIBRATION_20260124.json,Standard_Part,0.55,False,罐体,0.16442804038524628,0.17,below_threshold
/Users/huazhou/Downloads/训练图纸/训练图纸_dxf_oda_20260123/BTJ01231201522-00拖车DN1500v2.dxf,ok,complex_assembly,0.550,rules,v1,设备,0.17248964309692383,0.965337,reports/experiments/20260123/GRAPH2D_TEMPERATURE_CALIBRATION_20260124.json,Standard_Part,0.55,True,设备,0.17248964309692383,0.17,eligible
/Users/huazhou/Downloads/训练图纸/训练图纸_dxf_oda_20260123/J0225004-08搅拌轴组件v1.dxf,ok,旋转组件,0.900,fusion,L2-Fusion-v1,传动件,0.16765516996383667,0.965337,reports/experiments/20260123/GRAPH2D_TEMPERATURE_CALIBRATION_20260124.json,Standard_Part,0.55,False,传动件,0.16765516996383667,0.17,confidence_source_not_rules
/Users/huazhou/Downloads/训练图纸/训练图纸_dxf_oda_20260123/J1424042-00出料正压隔离器v1.dxf,ok,挡板,0.900,fusion,L2-Fusion-v1,设备,0.1687813401222229,0.965337,reports/experiments/20260123/GRAPH2D_TEMPERATURE_CALIBRATION_20260124.json,Standard_Part,0.6000000000000001,False,设备,0.1687813401222229,0.17,confidence_source_not_rules
/Users/huazhou/Downloads/训练图纸/训练图纸_dxf_oda_20260123/BTJ01231101522-00自动进料装置v1.dxf,ok,complex_assembly,0.550,rules,v1,传动件,0.17018306255340576,0.965337,reports/experiments/20260123/GRAPH2D_TEMPERATURE_CALIBRATION_20260124.json,Standard_Part,0.6000000000000001,True,传动件,0.17018306255340576,0.17,eligible
/Users/huazhou/Downloads/训练图纸/训练图纸_dxf_oda_20260123/J0225048-02-07侧推料组件v1.dxf,ok,complex_assembly,0.550,rules,v1,传动件,0.18414387106895447,0.965337,reports/experiments/20260123/GRAPH2D_TEMPERATURE_CALIBRATION_20260124.json,Standard_Part,0.55,True,传动件,0.18414387106895447,0.17,eligible
/Users/huazhou/Downloads/训练图纸/训练图纸_dxf_oda_20260123/J1424042-51-01-08对接法兰v2.dxf,ok,moderate_component,0.600,rules,v1,传动件,0.17543673515319824,0.965337,reports/experiments/20260123/GRAPH2D_TEMPERATURE_CALIBRATION_20260124.json,Standard_Part,0.55,True,传动件,0.17543673515319824,0.17,eligible
/Users/huazhou/Downloads/训练图纸/训练图纸_dxf_oda_20260123/J2825002-06上筒体组件v1.dxf,ok,complex_assembly,0.550,rules,v1,罐体,0.16442643105983734,0.965337,reports/experiments/20260123/GRAPH2D_TEMPERATURE_CALIBRATION_20260124.json,Standard_Part,0.55,False,罐体,0.16442643105983734,0.17,below_threshold
/Users/huazhou/Downloads/训练图纸/训练图纸_dxf_oda_20260123/J1424042-00出料正压隔离器v2-yuantus.dxf,ok,挡板,0.900,fusion,L2-Fusion-v1,设备,0.1687813401222229,0.965337,reports/experiments/20260123/GRAPH2D_TEMPERATURE_CALIBRATION_20260124.json,Standard_Part,0.6000000000000001,False,设备,0.1687813401222229,0.17,confidence_source_not_rules
/Users/huazhou/Downloads/训练图纸/训练图纸_dxf_oda_20260123/J0224071-11捕集器组件v1.dxf,ok,complex_assembly,0.550,rules,v1,传动件,0.17126163840293884,0.965337,reports/experiments/20260123/GRAPH2D_TEMPERATURE_CALIBRATION_20260124.json,Standard_Part,0.55,True,传动件,0.17126163840293884,0.17,eligible
/Users/huazhou/Downloads/训练图纸/训练图纸_dxf_oda_20260123/比较_LTJ012306102-0084调节螺栓v1 vs LTJ012306102-0084调节螺栓v2.dxf,ok,moderate_component,0.600,rules,v1,传动件,0.17119568586349487,0.965337,reports/experiments/20260123/GRAPH2D_TEMPERATURE_CALIBRATION_20260124.json,Standard_Part,0.55,True,传动件,0.17119568586349487,0.17,eligible
/Users/huazhou/Downloads/训练图纸/训练图纸_dxf_oda_20260123/J0225047-04罐体部分v1.dxf,ok,挡板,0.900,fusion,L2-Fusion-v1,罐体,0.1628393530845642,0.965337,reports/experiments/20260123/GRAPH2D_TEMPERATURE_CALIBRATION_20260124.json,Standard_Part,0.6000000000000001,False,罐体,0.1628393530845642,0.17,confidence_source_not_rules
/Users/huazhou/Downloads/训练图纸/训练图纸_dxf_oda_20260123/J0225047-04罐体部分v2.dxf,ok,挡板,0.900,fusion,L2-Fusion-v1,罐体,0.1628393530845642,0.965337,reports/experiments/20260123/GRAPH2D_TEMPERATURE_CALIBRATION_20260124.json,Standard_Part,0.6000000000000001,False,罐体,0.1628393530845642,0.17,confidence_source_not_rules
/Users/huazhou/Downloads/训练图纸/训练图纸_dxf_oda_20260123/J0225034-05罐体部分v1.dxf,ok,盖,0.900,fusion,L2-Fusion-v1,罐体,0.1896321326494217,0.965337,reports/experiments/20260123/GRAPH2D_TEMPERATURE_CALIBRATION_20260124.json,Standard_Part,0.6000000000000001,False,罐体,0.1896321326494217,0.17,confidence_source_not_rules
/Users/huazhou/Downloads/训练图纸/训练图纸_dxf_oda_20260123/J2825003-05下筒体组件v1.dxf,ok,complex_assembly,0.550,rules,v1,罐体,0.1765483021736145,0.965337,reports/experiments/20260123/GRAPH2D_TEMPERATURE_CALIBRATION_20260124.json,Standard_Part,0.55,True,罐体,0.1765483021736145,0.17,eligible
/Users/huazhou/Downloads/训练图纸/训练图纸_dxf_oda_20260123/J3025001-12轴承座v2.dxf,ok,轴承,0.900,fusion,L2-Fusion-v1,传动件,0.17267711460590363,0.965337,reports/experiments/20260123/GRAPH2D_TEMPERATURE_CALIBRATION_20260124.json,Standard_Part,0.55,False,传动件,0.17267711460590363,0.17,confidence_source_not_rules
/Users/huazhou/Downloads/训练图纸/训练图纸_dxf_oda_20260123/J0724006-05上封头组件v1.dxf,ok,机械制图,0.900,fusion,L2-Fusion-v1,传动件,0.16955813765525818,0.965337,reports/experiments/20260123/GRAPH2D_TEMPERATURE_CALIBRATION_20260124.json,Standard_Part,0.6000000000000001,False,传动件,0.16955813765525818,0.17,confidence_source_not_rules
/Users/huazhou/Downloads/训练图纸/训练图纸_dxf_oda_20260123/BTJ01231301522-00蜗轮蜗杆传动出料机构v1.dxf,ok,蜗杆,0.900,fusion,L2-Fusion-v1,传动件,0.16183316707611084,0.965337,reports/experiments/20260123/GRAPH2D_TEMPERATURE_CALIBRATION_20260124.json,Standard_Part,0.6000000000000001,False,传动件,0.16183316707611084,0.17,confidence_source_not_rules
/Users/huazhou/Downloads/训练图纸/训练图纸_dxf_oda_20260123/J0225001-09-04旋转组件v2.dxf,ok,旋转组件,1.000,fusion,L2-Fusion-v1,传动件,0.19039098918437958,0.965337,reports/experiments/20260123/GRAPH2D_TEMPERATURE_CALIBRATION_20260124.json,Standard_Part,0.55,False,传动件,0.19039098918437958,0.17,confidence_source_not_rules
/Users/huazhou/Downloads/训练图纸/训练图纸_dxf_oda_20260123/BTJ02230301120-03保护罩组件v2.dxf,ok,罩,0.900,fusion,L2-Fusion-v1,罐体,0.1666058897972107,0.965337,reports/experiments/20260123/GRAPH2D_TEMPERATURE_CALIBRATION_20260124.json,Standard_Part,0.55,False,罐体,0.1666058897972107,0.17,confidence_source_not_rules
/Users/huazhou/Downloads/训练图纸/训练图纸_dxf_oda_20260123/BTJ14240301522-00防爆视灯组件v2.dxf,ok,complex_assembly,0.550,rules,v1,罐体,0.15885485708713531,0.965337,reports/experiments/20260123/GRAPH2D_TEMPERATURE_CALIBRATION_20260124.json,Standard_Part,0.55,False,罐体,0.15885485708713531,0.17,below_threshold
/Users/huazhou/Downloads/训练图纸/训练图纸_dxf_oda_20260123/BTJ01230901522-00汽水分离器v1.dxf,ok,支腿,0.900,fusion,L2-Fusion-v1,设备,0.1657845377922058,0.965337,reports/experiments/20260123/GRAPH2D_TEMPERATURE_CALIBRATION_20260124.json,Standard_Part,0.55,False,设备,0.1657845377922058,0.17,confidence_source_not_rules
/Users/huazhou/Downloads/训练图纸/训练图纸_dxf_oda_20260123/J0225054-15罐体支腿v2.dxf,ok,支腿,0.900,fusion,L2-Fusion-v1,传动件,0.17608940601348877,0.965337,reports/experiments/20260123/GRAPH2D_TEMPERATURE_CALIBRATION_20260124.json,Standard_Part,0.55,False,传动件,0.17608940601348877,0.17,confidence_source_not_rules
/Users/huazhou/Downloads/训练图纸/训练图纸_dxf_oda_20260123/J0224071-11-02过滤芯组件v1.dxf,ok,机械制图,0.900,fusion,L2-Fusion-v1,传动件,0.17929546535015106,0.965337,reports/experiments/20260123/GRAPH2D_TEMPERATURE_CALIBRATION_20260124.json,Standard_Part,0.55,False,传动件,0.17929546535015106,0.17,confidence_source_not_rules
/Users/huazhou/Downloads/训练图纸/训练图纸_dxf_oda_20260123/J0224070-04-07捕集口v2.dxf,ok,moderate_component,0.600,rules,v1,传动件,0.1711566001176834,0.965337,reports/experiments/20260123/GRAPH2D_TEMPERATURE_CALIBRATION_20260124.json,Standard_Part,0.55,True,传动件,0.1711566001176834,0.17,eligible
/Users/huazhou/Downloads/训练图纸/训练图纸_dxf_oda_20260123/J0225009-04-03阀体v1.dxf,ok,complex_assembly,0.550,rules,v1,传动件,0.16559918224811554,0.965337,reports/experiments/20260123/GRAPH2D_TEMPERATURE_CALIBRATION_20260124.json,Standard_Part,0.55,False,传动件,0.16559918224811554,0.17,below_threshold
/Users/huazhou/Downloads/训练图纸/训练图纸_dxf_oda_20260123/J0525002-04-02过滤托架v2.dxf,ok,机械制图,0.900,fusion,L2-Fusion-v1,传动件,0.170604407787323,0.965337,reports/experiments/20260123/GRAPH2D_TEMPERATURE_CALIBRATION_20260124.json,Standard_Part,0.6000000000000001,False,传动件,0.170604407787323,0.17,confidence_source_not_rules
/Users/huazhou/Downloads/训练图纸/训练图纸_dxf_oda_20260123/BTJ01231101522-00自动进料装置v2.dxf,ok,complex_assembly,0.550,rules,v1,传动件,0.17018306255340576,0.965337,reports/experiments/20260123/GRAPH2D_TEMPERATURE_CALIBRATION_20260124.json,Standard_Part,0.55,True,传动件,0.17018306255340576,0.17,eligible
/Users/huazhou/Downloads/训练图纸/训练图纸_dxf_oda_20260123/J0724006-02搅拌器组件v1.dxf,ok,机械制图,1.000,fusion,L2-Fusion-v1,传动件,0.16538281738758087,0.965337,reports/experiments/20260123/GRAPH2D_TEMPERATURE_CALIBRATION_20260124.json,Standard_Part,0.6000000000000001,False,传动件,0.16538281738758087,0.17,confidence_source_not_rules
/Users/huazhou/Downloads/训练图纸/训练图纸_dxf_oda_20260123/J2824002-06上封头组件v2.dxf,ok,盖,0.900,fusion,L2-Fusion-v1,设备,0.1660366952419281,0.965337,reports/experiments/20260123/GRAPH2D_TEMPERATURE_CALIBRATION_20260124.json,Standard_Part,0.55,False,设备,0.1660366952419281,0.17,confidence_source_not_rules
/Users/huazhou/Downloads/训练图纸/训练图纸_dxf_oda_20260123/LTJ012306102-0084调节螺栓v1.dxf,ok,moderate_component,0.600,rules,v1,传动件,0.17088553309440613,0.965337,reports/experiments/20260123/GRAPH2D_TEMPERATURE_CALIBRATION_20260124.json,Standard_Part,0.55,True,传动件,0.17088553309440613,0.17,eligible
/Users/huazhou/Downloads/训练图纸/训练图纸_dxf_oda_20260123/J0224036-12真空组件v1.dxf,ok,moderate_component,0.600,rules,v1,传动件,0.16981540620326996,0.965337,reports/experiments/20260123/GRAPH2D_TEMPERATURE_CALIBRATION_20260124.json,Standard_Part,0.55,False,传动件,0.16981540620326996,0.17,below_threshold
/Users/huazhou/Downloads/训练图纸/训练图纸_dxf_oda_20260123/BTJ01232801522-01电加热箱v2.dxf,ok,箱体,0.900,fusion,L2-Fusion-v1,传动件,0.18052347004413605,0.965337,reports/experiments/20260123/GRAPH2D_TEMPERATURE_CALIBRATION_20260124.json,Standard_Part,0.55,False,传动件,0.18052347004413605,0.17,confidence_source_not_rules
/Users/huazhou/Downloads/训练图纸/训练图纸_dxf_oda_20260123/J2925001-05管束v2.dxf,ok,complex_assembly,0.550,rules,v1,传动件,0.16389575600624084,0.965337,reports/experiments/20260123/GRAPH2D_TEMPERATURE_CALIBRATION_20260124.json,Standard_Part,0.6000000000000001,False,传动件,0.16389575600624084,0.17,below_threshold
/Users/huazhou/Downloads/训练图纸/训练图纸_dxf_oda_20260123/J2825002-09下轴承支架组件v1.dxf,ok,轴承,0.900,fusion,L2-Fusion-v1,传动件,0.16960862278938293,0.965337,reports/experiments/20260123/GRAPH2D_TEMPERATURE_CALIBRATION_20260124.json,Standard_Part,0.55,False,传动件,0.16960862278938293,0.17,confidence_source_not_rules
/Users/huazhou/Downloads/训练图纸/训练图纸_dxf_oda_20260123/J0224036-12真空组件v2.dxf,ok,moderate_component,0.600,rules,v1,传动件,0.1702221930027008,0.965337,reports/experiments/20260123/GRAPH2D_TEMPERATURE_CALIBRATION_20260124.json,Standard_Part,0.55,True,传动件,0.1702221930027008,0.17,eligible
/Users/huazhou/Downloads/训练图纸/训练图纸_dxf_oda_20260123/J0724006-01下锥体组件v1.dxf,ok,机械制图,0.900,fusion,L2-Fusion-v1,罐体,0.16862457990646362,0.965337,reports/experiments/20260123/GRAPH2D_TEMPERATURE_CALIBRATION_20260124.json,Standard_Part,0.55,False,罐体,0.16862457990646362,0.17,confidence_source_not_rules
/Users/huazhou/Downloads/训练图纸/训练图纸_dxf_oda_20260123/J3025001-12轴承座v1.dxf,ok,轴承,0.900,fusion,L2-Fusion-v1,传动件,0.17269620299339294,0.965337,reports/experiments/20260123/GRAPH2D_TEMPERATURE_CALIBRATION_20260124.json,Standard_Part,0.55,False,传动件,0.17269620299339294,0.17,confidence_source_not_rules
/Users/huazhou/Downloads/训练图纸/训练图纸_dxf_oda_20260123/J0225004-04搅拌桨组件v1.dxf,ok,盖,0.900,fusion,L2-Fusion-v1,传动件,0.1877552717924118,0.965337,reports/experiments/20260123/GRAPH2D_TEMPERATURE_CALIBRATION_20260124.json,Standard_Part,0.55,False,传动件,0.1877552717924118,0.17,confidence_source_not_rules
/Users/huazhou/Downloads/训练图纸/训练图纸_dxf_oda_20260123/BTJ01239601522-03扭转弹簧v1.dxf,ok,moderate_component,0.600,rules,v1,传动件,0.16733375191688538,0.965337,reports/experiments/20260123/GRAPH2D_TEMPERATURE_CALIBRATION_20260124.json,Standard_Part,0.55,False,传动件,0.16733375191688538,0.17,below_threshold
/Users/huazhou/Downloads/训练图纸/训练图纸_dxf_oda_20260123/LTJ012306102-0084调节螺栓v2.dxf,ok,moderate_component,0.600,rules,v1,传动件,0.16780172288417816,0.965337,reports/experiments/20260123/GRAPH2D_TEMPERATURE_CALIBRATION_20260124.json,Standard_Part,0.55,False,传动件,0.16780172288417816,0.17,below_threshold
/Users/huazhou/Downloads/训练图纸/训练图纸_dxf_oda_20260123/J0224036-10搅拌减速机机罩v2.dxf,ok,罩,0.900,fusion,L2-Fusion-v1,传动件,0.17415103316307068,0.965337,reports/experiments/20260123/GRAPH2D_TEMPERATURE_CALIBRATION_20260124.json,Standard_Part,0.55,False,传动件,0.17415103316307068,0.17,confidence_source_not_rules
/Users/huazhou/Downloads/训练图纸/训练图纸_dxf_oda_20260123/J2925004-04-01底板v2.dxf,ok,底板,0.900,fusion,L2-Fusion-v1,传动件,0.1806003600358963,0.965337,reports/experiments/20260123/GRAPH2D_TEMPERATURE_CALIBRATION_20260124.json,Standard_Part,0.55,False,传动件,0.1806003600358963,0.17,confidence_source_not_rules
/Users/huazhou/Downloads/训练图纸/训练图纸_dxf_oda_20260123/J0225034-05罐体部分v2.dxf,ok,盖,0.900,fusion,L2-Fusion-v1,罐体,0.1896321326494217,0.965337,reports/experiments/20260123/GRAPH2D_TEMPERATURE_CALIBRATION_20260124.json,Standard_Part,0.6000000000000001,False,罐体,0.1896321326494217,0.17,confidence_source_not_rules
/Users/huazhou/Downloads/训练图纸/训练图纸_dxf_oda_20260123/J0525002-04-02过滤托架v4.dxf,ok,机械制图,0.900,fusion,L2-Fusion-v1,传动件,0.17201267182826996,0.965337,reports/experiments/20260123/GRAPH2D_TEMPERATURE_CALIBRATION_20260124.json,Standard_Part,0.6000000000000001,False,传动件,0.17201267182826996,0.17,confidence_source_not_rules
/Users/huazhou/Downloads/训练图纸/训练图纸_dxf_oda_20260123/BTJ01231301522-01轴向定位轴承v1.dxf,ok,轴承,0.900,fusion,L2-Fusion-v1,传动件,0.17551933228969574,0.965337,reports/experiments/20260123/GRAPH2D_TEMPERATURE_CALIBRATION_20260124.json,Standard_Part,0.55,False,传动件,0.17551933228969574,0.17,confidence_source_not_rules
/Users/huazhou/Downloads/训练图纸/训练图纸_dxf_oda_20260123/LTJ012303106-0030连接法兰(大)v1.dxf,ok,moderate_component,0.600,rules,v1,罐体,0.1667039841413498,0.965337,reports/experiments/20260123/GRAPH2D_TEMPERATURE_CALIBRATION_20260124.json,Standard_Part,0.55,False,罐体,0.1667039841413498,0.17,below_threshold
/Users/huazhou/Downloads/训练图纸/训练图纸_dxf_oda_20260123/LTJ012303106-0001超声波法兰v1.dxf,ok,moderate_component,0.600,rules,v1,罐体,0.1735522598028183,0.965337,reports/experiments/20260123/GRAPH2D_TEMPERATURE_CALIBRATION_20260124.json,Standard_Part,0.55,True,罐体,0.1735522598028183,0.17,eligible
/Users/huazhou/Downloads/训练图纸/训练图纸_dxf_oda_20260123/BTJ01231201522-00拖车DN1500v1.dxf,ok,complex_assembly,0.550,rules,v1,设备,0.17248964309692383,0.965337,reports/experiments/20260123/GRAPH2D_TEMPERATURE_CALIBRATION_20260124.json,Standard_Part,0.55,True,设备,0.17248964309692383,0.17,eligible
/Users/huazhou/Downloads/训练图纸/训练图纸_dxf_oda_20260123/J0224014-09液压开盖组件v2.dxf,ok,底板,0.900,fusion,L2-Fusion-v1,传动件,0.172093465924263,0.965337,reports/experiments/20260123/GRAPH2D_TEMPERATURE_CALIBRATION_20260124.json,Standard_Part,0.6000000000000001,False,传动件,0.172093465924263,0.17,confidence_source_not_rules
/Users/huazhou/Downloads/训练图纸/训练图纸_dxf_oda_20260123/BTJ01231301522-00蜗轮蜗杆传动出料机构v2.dxf,ok,蜗杆,0.900,fusion,L2-Fusion-v1,传动件,0.16183316707611084,0.965337,reports/experiments/20260123/GRAPH2D_TEMPERATURE_CALIBRATION_20260124.json,Standard_Part,0.6000000000000001,False,传动件,0.16183316707611084,0.17,confidence_source_not_rules
/Users/huazhou/Downloads/训练图纸/训练图纸_dxf_oda_20260123/BTJ01230901522-00汽水分离器v2.dxf,ok,支腿,0.900,fusion,L2-Fusion-v1,设备,0.1657845377922058,0.965337,reports/experiments/20260123/GRAPH2D_TEMPERATURE_CALIBRATION_20260124.json,Standard_Part,0.55,False,设备,0.1657845377922058,0.17,confidence_source_not_rules
/Users/huazhou/Downloads/训练图纸/训练图纸_dxf_oda_20260123/J2925001-00再沸器v3.dxf,ok,complex_assembly,0.550,rules,v1,罐体,0.16936609148979187,0.965337,reports/experiments/20260123/GRAPH2D_TEMPERATURE_CALIBRATION_20260124.json,Standard_Part,0.6000000000000001,False,罐体,0.16936609148979187,0.17,below_threshold
/Users/huazhou/Downloads/训练图纸/训练图纸_dxf_oda_20260123/J0224071-11-02过滤芯组件v2.dxf,ok,机械制图,0.900,fusion,L2-Fusion-v1,传动件,0.17929546535015106,0.965337,reports/experiments/20260123/GRAPH2D_TEMPERATURE_CALIBRATION_20260124.json,Standard_Part,0.55,False,传动件,0.17929546535015106,0.17,confidence_source_not_rules
/Users/huazhou/Downloads/训练图纸/训练图纸_dxf_oda_20260123/J0724006-05上封头组件v3.dxf,ok,机械制图,0.900,fusion,L2-Fusion-v1,传动件,0.16986078023910522,0.965337,reports/experiments/20260123/GRAPH2D_TEMPERATURE_CALIBRATION_20260124.json,Standard_Part,0.6000000000000001,False,传动件,0.16986078023910522,0.17,confidence_source_not_rules
/Users/huazhou/Downloads/训练图纸/训练图纸_dxf_oda_20260123/J0724006-05上封头组件v2.dxf,ok,机械制图,0.900,fusion,L2-Fusion-v1,传动件,0.16985881328582764,0.965337,reports/experiments/20260123/GRAPH2D_TEMPERATURE_CALIBRATION_20260124.json,Standard_Part,0.6000000000000001,False,传动件,0.16985881328582764,0.17,confidence_source_not_rules
/Users/huazhou/Downloads/训练图纸/训练图纸_dxf_oda_20260123/J0525002-04-02过滤托架v3.dxf,ok,机械制图,0.900,fusion,L2-Fusion-v1,传动件,0.170604407787323,0.965337,reports/experiments/20260123/GRAPH2D_TEMPERATURE_CALIBRATION_20260124.json,Standard_Part,0.6000000000000001,False,传动件,0.170604407787323,0.17,confidence_source_not_rules
/Users/huazhou/Downloads/训练图纸/训练图纸_dxf_oda_20260123/J2925004-04-01底板v1.dxf,ok,底板,0.900,fusion,L2-Fusion-v1,传动件,0.18066127598285675,0.965337,reports/experiments/20260123/GRAPH2D_TEMPERATURE_CALIBRATION_20260124.json,Standard_Part,0.55,False,传动件,0.18066127598285675,0.17,confidence_source_not_rules
/Users/huazhou/Downloads/训练图纸/训练图纸_dxf_oda_20260123/BTJ01232801522-01电加热箱v1.dxf,ok,箱体,0.900,fusion,L2-Fusion-v1,传动件,0.18052347004413605,0.965337,reports/experiments/20260123/GRAPH2D_TEMPERATURE_CALIBRATION_20260124.json,Standard_Part,0.55,False,传动件,0.18052347004413605,0.17,confidence_source_not_rules
/Users/huazhou/Downloads/训练图纸/训练图纸_dxf_oda_20260123/J0225001-09-04旋转组件v1.dxf,ok,旋转组件,1.000,fusion,L2-Fusion-v1,传动件,0.19039098918437958,0.965337,reports/experiments/20260123/GRAPH2D_TEMPERATURE_CALIBRATION_20260124.json,Standard_Part,0.55,False,传动件,0.19039098918437958,0.17,confidence_source_not_rules
/Users/huazhou/Downloads/训练图纸/训练图纸_dxf_oda_20260123/J0225004-08搅拌轴组件v2.dxf,ok,旋转组件,0.900,fusion,L2-Fusion-v1,传动件,0.16765516996383667,0.965337,reports/experiments/20260123/GRAPH2D_TEMPERATURE_CALIBRATION_20260124.json,Standard_Part,0.55,False,传动件,0.16765516996383667,0.17,confidence_source_not_rules
/Users/huazhou/Downloads/训练图纸/训练图纸_dxf_oda_20260123/J0724006-02搅拌器组件v2.dxf,ok,机械制图,1.000,fusion,L2-Fusion-v1,传动件,0.16538724303245544,0.965337,reports/experiments/20260123/GRAPH2D_TEMPERATURE_CALIBRATION_20260124.json,Standard_Part,0.6000000000000001,False,传动件,0.16538724303245544,0.17,confidence_source_not_rules
/Users/huazhou/Downloads/训练图纸/训练图纸_dxf_oda_20260123/J0224014-09液压开盖组件v1.dxf,ok,底板,0.900,fusion,L2-Fusion-v1,传动件,0.172093465924263,0.965337,reports/experiments/20260123/GRAPH2D_TEMPERATURE_CALIBRATION_20260124.json,Standard_Part,0.6000000000000001,False,传动件,0.172093465924263,0.17,confidence_source_not_rules
/Users/huazhou/Downloads/训练图纸/训练图纸_dxf_oda_20260123/BTJ01231501522-00短轴承座(盖)v2.dxf,ok,盖,0.900,fusion,L2-Fusion-v1,传动件,0.1712309867143631,0.965337,reports/experiments/20260123/GRAPH2D_TEMPERATURE_CALIBRATION_20260124.json,Standard_Part,0.6000000000000001,False,传动件,0.1712309867143631,0.17,confidence_source_not_rules
/Users/huazhou/Downloads/训练图纸/训练图纸_dxf_oda_20260123/BTJ01231301522-01轴向定位轴承v2.dxf,ok,轴承,0.900,fusion,L2-Fusion-v1,传动件,0.17551933228969574,0.965337,reports/experiments/20260123/GRAPH2D_TEMPERATURE_CALIBRATION_20260124.json,Standard_Part,0.55,False,传动件,0.17551933228969574,0.17,confidence_source_not_rules
/Users/huazhou/Downloads/训练图纸/训练图纸_dxf_oda_20260123/J0225047-04罐体部分v3.dxf,ok,挡板,0.900,fusion,L2-Fusion-v1,罐体,0.1628393530845642,0.965337,reports/experiments/20260123/GRAPH2D_TEMPERATURE_CALIBRATION_20260124.json,Standard_Part,0.6000000000000001,False,罐体,0.1628393530845642,0.17,confidence_source_not_rules
/Users/huazhou/Downloads/训练图纸/训练图纸_dxf_oda_20260123/J2825002-06上筒体组件v3.dxf,ok,complex_assembly,0.550,rules,v1,罐体,0.16442804038524628,0.965337,reports/experiments/20260123/GRAPH2D_TEMPERATURE_CALIBRATION_20260124.json,Standard_Part,0.55,False,罐体,0.16442804038524628,0.17,below_threshold
/Users/huazhou/Downloads/训练图纸/训练图纸_dxf_oda_20260123/J0225004-04-04轴头组件v1.dxf,ok,complex_assembly,0.550,rules,v1,传动件,0.16729165613651276,0.965337,reports/experiments/20260123/GRAPH2D_TEMPERATURE_CALIBRATION_20260124.json,Standard_Part,0.55,False,传动件,0.16729165613651276,0.17,below_threshold
/Users/huazhou/Downloads/训练图纸/训练图纸_dxf_oda_20260123/J1424042-51-01-08对接法兰v1.dxf,ok,moderate_component,0.600,rules,v1,传动件,0.1748294234275818,0.965337,reports/experiments/20260123/GRAPH2D_TEMPERATURE_CALIBRATION_20260124.json,Standard_Part,0.55,True,传动件,0.1748294234275818,0.17,eligible
/Users/huazhou/Downloads/训练图纸/训练图纸_dxf_oda_20260123/J2925001-01人孔v1.dxf,ok,complex_assembly,0.550,rules,v1,传动件,0.1714027225971222,0.965337,reports/experiments/20260123/GRAPH2D_TEMPERATURE_CALIBRATION_20260124.json,Standard_Part,0.55,True,传动件,0.1714027225971222,0.17,eligible
/Users/huazhou/Downloads/训练图纸/训练图纸_dxf_oda_20260123/J0225004-04-05下封板v2.dxf,ok,moderate_component,0.600,rules,v1,罐体,0.1697874516248703,0.965337,reports/experiments/20260123/GRAPH2D_TEMPERATURE_CALIBRATION_20260124.json,Standard_Part,0.55,False,罐体,0.1697874516248703,0.17,below_threshold
/Users/huazhou/Downloads/训练图纸/训练图纸_dxf_oda_20260123/J2925001-01-01人孔法兰v1.dxf,ok,moderate_component,0.600,rules,v1,传动件,0.16688844561576843,0.965337,reports/experiments/20260123/GRAPH2D_TEMPERATURE_CALIBRATION_20260124.json,Standard_Part,0.55,False,传动件,0.16688844561576843,0.17,below_threshold
/Users/huazhou/Downloads/训练图纸/训练图纸_dxf_oda_20260123/BTJ01231501522-00短轴承座(盖)v3.dxf,ok,盖,0.900,fusion,L2-Fusion-v1,传动件,0.1712309867143631,0.965337,reports/experiments/20260123/GRAPH2D_TEMPERATURE_CALIBRATION_20260124.json,Standard_Part,0.6000000000000001,False,传动件,0.1712309867143631,0.17,confidence_source_not_rules
/Users/huazhou/Downloads/训练图纸/训练图纸_dxf_oda_20260123/J2825002-09下轴承支架组件v2.dxf,ok,轴承,0.900,fusion,L2-Fusion-v1,传动件,0.16960862278938293,0.965337,reports/experiments/20260123/GRAPH2D_TEMPERATURE_CALIBRATION_20260124.json,Standard_Part,0.55,False,传动件,0.16960862278938293,0.17,confidence_source_not_rules
/Users/huazhou/Downloads/训练图纸/训练图纸_dxf_oda_20260123/J0224070-04-07捕集口v1.dxf,ok,moderate_component,0.600,rules,v1,传动件,0.171127051115036,0.965337,reports/experiments/20260123/GRAPH2D_TEMPERATURE_CALIBRATION_20260124.json,Standard_Part,0.55,True,传动件,0.171127051115036,0.17,eligible
/Users/huazhou/Downloads/训练图纸/训练图纸_dxf_oda_20260123/BTJ01231501522-00短轴承座(盖)v1.dxf,ok,盖,0.900,fusion,L2-Fusion-v1,传动件,0.17175227403640747,0.965337,reports/experiments/20260123/GRAPH2D_TEMPERATURE_CALIBRATION_20260124.json,Standard_Part,0.6000000000000001,False,传动件,0.17175227403640747,0.17,confidence_source_not_rules
/Users/huazhou/Downloads/训练图纸/训练图纸_dxf_oda_20260123/J2925001-01-01人孔法兰v2.dxf,ok,moderate_component,0.600,rules,v1,传动件,0.16688653826713562,0.965337,reports/experiments/20260123/GRAPH2D_TEMPERATURE_CALIBRATION_20260124.json,Standard_Part,0.55,False,传动件,0.16688653826713562,0.17,below_threshold
/Users/huazhou/Downloads/训练图纸/训练图纸_dxf_oda_20260123/BTJ02230101102-12手轮组件v2.dxf,ok,moderate_component,0.600,rules,v1,传动件,0.19683055579662323,0.965337,reports/experiments/20260123/GRAPH2D_TEMPERATURE_CALIBRATION_20260124.json,Standard_Part,0.55,True,传动件,0.19683055579662323,0.17,eligible
/Users/huazhou/Downloads/训练图纸/训练图纸_dxf_oda_20260123/BTJ01239601522-03扭转弹簧v3.dxf,ok,moderate_component,0.600,rules,v1,传动件,0.16733375191688538,0.965337,reports/experiments/20260123/GRAPH2D_TEMPERATURE_CALIBRATION_20260124.json,Standard_Part,0.55,False,传动件,0.16733375191688538,0.17,below_threshold
/Users/huazhou/Downloads/训练图纸/训练图纸_dxf_oda_20260123/J0225009-04-03阀体v2.dxf,ok,complex_assembly,0.550,rules,v1,传动件,0.16559918224811554,0.965337,reports/experiments/20260123/GRAPH2D_TEMPERATURE_CALIBRATION_20260124.json,Standard_Part,0.55,False,传动件,0.16559918224811554,0.17,below_threshold
/Users/huazhou/Downloads/训练图纸/训练图纸_dxf_oda_20260123/BTJ01239901522-00拖轮组件v2.dxf,ok,moderate_component,0.600,rules,v1,传动件,0.17047974467277527,0.965337,reports/experiments/20260123/GRAPH2D_TEMPERATURE_CALIBRATION_20260124.json,Standard_Part,0.55,True,传动件,0.17047974467277527,0.17,eligible
/Users/huazhou/Downloads/训练图纸/训练图纸_dxf_oda_20260123/J0225054-15-01支承座v2.dxf,ok,盖,0.900,fusion,L2-Fusion-v1,传动件,0.174819216132164,0.965337,reports/experiments/20260123/GRAPH2D_TEMPERATURE_CALIBRATION_20260124.json,Standard_Part,0.55,False,传动件,0.174819216132164,0.17,confidence_source_not_rules
/Users/huazhou/Downloads/训练图纸/训练图纸_dxf_oda_20260123/LTJ012303106-0001超声波法兰v2.dxf,ok,moderate_component,0.600,rules,v1,罐体,0.17385128140449524,0.965337,reports/experiments/20260123/GRAPH2D_TEMPERATURE_CALIBRATION_20260124.json,Standard_Part,0.55,True,罐体,0.17385128140449524,0.17,eligible
/Users/huazhou/Downloads/训练图纸/训练图纸_dxf_oda_20260123/J0225004-04-04轴头组件v2.dxf,ok,complex_assembly,0.550,rules,v1,传动件,0.16729165613651276,0.965337,reports/experiments/20260123/GRAPH2D_TEMPERATURE_CALIBRATION_20260124.json,Standard_Part,0.55,False,传动件,0.16729165613651276,0.17,below_threshold
/Users/huazhou/Downloads/训练图纸/训练图纸_dxf_oda_20260123/J0525002-04-02过滤托架v1.dxf,ok,机械制图,0.900,fusion,L2-Fusion-v1,传动件,0.16755206882953644,0.965337,reports/experiments/20260123/GRAPH2D_TEMPERATURE_CALIBRATION_20260124.json,Standard_Part,0.55,False,传动件,0.16755206882953644,0.17,confidence_source_not_rules
/Users/huazhou/Downloads/训练图纸/训练图纸_dxf_oda_20260123/J0225054-15-01支承座v1.dxf,ok,盖,0.900,fusion,L2-Fusion-v1,传动件,0.17483259737491608,0.965337,reports/experiments/20260123/GRAPH2D_TEMPERATURE_CALIBRATION_20260124.json,Standard_Part,0.55,False,传动件,0.17483259737491608,0.17,confidence_source_not_rules
/Users/huazhou/Downloads/训练图纸/训练图纸_dxf_oda_20260123/J0225004-04搅拌桨组件v2.dxf,ok,盖,0.900,fusion,L2-Fusion-v1,传动件,0.1877552717924118,0.965337,reports/experiments/20260123/GRAPH2D_TEMPERATURE_CALIBRATION_20260124.json,Standard_Part,0.55,False,传动件,0.1877552717924118,0.17,confidence_source_not_rules
